country,year,gini,region,gdp_per_capita,idh,education
Albania,1996,0.2701034247875213,Europe,5563.793,0.647,7.6238446
Albania,2002,0.3173897862434387,Europe,7590.49,0.697,8.885714
Albania,2005,0.3059565424919128,Europe,8964.318,0.723,9.082857
Albania,2008,0.2998467087745666,Europe,11056.352,0.749,9.28
Albania,2012,0.2896048426628113,Europe,12463.57,0.79,10.03
Albania,2014,0.3459889590740204,Europe,13366.56,0.797,10.008679
Albania,2015,0.327537328004837,Europe,13876.819,0.797,9.99802
Albania,2016,0.3373629748821258,Europe,14643.489,0.797,9.98736
Albania,2017,0.3305566310882568,Europe,15359.461,0.798,9.9767
Albania,2018,0.3014828264713287,Europe,16170.99,0.801,10.024848
Albania,2019,0.301157683134079,Europe,16761.193,0.805,10.072996
Albania,2020,0.2941963076591491,Europe,16457.787,0.794,10.121144
Algeria,1995,0.353300541639328,Africa,10588.443,0.608,4.832626
Algeria,2011,0.2761573195457458,Africa,14641.964,0.718,5.58
Angola,2000,0.5194514989852905,Africa,6796.4062,0.391,3.4257457
Angola,2008,0.4271551370620727,Africa,11134.705,0.504,3.7475958
Angola,2018,0.5126428604125977,Africa,10000.944,0.611,5.626794
Armenia,1999,0.3621972501277923,Asia,4406.9673,0.661,10.420118
Armenia,2001,0.3536435961723327,Asia,5044.1167,0.672,10.49
Armenia,2002,0.3477967381477356,Asia,5731.3535,0.682,10.559999
Armenia,2003,0.3302808701992035,Asia,6569.2603,0.692,10.63
Armenia,2004,0.3750563263893127,Asia,7299.4,0.7,10.7
Armenia,2005,0.3599235415458679,Asia,8362.9,0.711,10.7699995
Armenia,2006,0.2970998585224151,Asia,9525.231,0.725,10.84
Armenia,2007,0.3122605681419372,Asia,10898.849,0.739,10.91
Armenia,2008,0.2918814122676849,Asia,11727.482,0.743,10.98
Armenia,2009,0.2801587879657745,Asia,10143.235,0.741,11.049999
Armenia,2010,0.299925833940506,Asia,10438.564,0.747,11.12
Armenia,2011,0.2935294508934021,Asia,10990.177,0.752,11.19
Armenia,2012,0.2960226237773895,Asia,11796.274,0.761,11.285
Armenia,2013,0.3057966232299804,Asia,12194.019,0.766,11.38
Armenia,2014,0.3148328959941864,Asia,12667.376,0.772,11.474999
Armenia,2015,0.3235677182674408,Asia,13112.76,0.777,11.57
Armenia,2016,0.3254794776439667,Asia,13192.994,0.783,11.68974
Armenia,2017,0.336218386888504,Asia,14243.875,0.785,11.19
Armenia,2018,0.344334989786148,Asia,15037.045,0.789,11.236667
Armenia,2019,0.3003121316432953,Asia,16215.36,0.796,11.283333
Armenia,2020,0.2513160407543182,Asia,15052.936,0.761,11.33
Armenia,2021,0.2794013023376465,Asia,15921.705,0.786,11.344978
Armenia,2022,0.2794529497623443,Asia,17886.178,0.801,11.344978
Armenia,2023,0.2715465128421783,Asia,19402.752,0.811,11.344978
Australia,1995,0.3257850110530853,Oceania,38653.336,0.882,11.335607
Australia,2001,0.3346192836761474,Oceania,45428.2,0.9,11.3416195
Australia,2003,0.3349674940109253,Oceania,47581.23,0.906,11.453874
Australia,2004,0.3305571973323822,Oceania,49061.277,0.91,11.51
Australia,2008,0.3542850911617279,Oceania,52473.383,0.924,11.94
Australia,2010,0.3465672731399536,Oceania,52739.27,0.929,12.03
Australia,2014,0.3439816236495971,Oceania,55489.07,0.937,12.17
Australia,2016,0.3368518650531769,Oceania,56529.953,0.939,12.35
Australia,2018,0.3433252573013305,Oceania,57647.844,0.945,12.46
Australia,2020,0.3382901847362518,Oceania,57260.465,0.95,12.64
Austria,1994,0.308280199766159,Europe,45497.137,0.851,10.562143
Austria,1995,0.2991432845592499,Europe,46639.53,0.856,10.652857
Austria,1996,0.2931780815124511,Europe,47608.633,0.861,10.743571
Austria,1997,0.2906536757946014,Europe,48575.16,0.865,10.834286
Austria,1998,0.3134077191352844,Europe,50216.7,0.87,10.925
Austria,1999,0.2967053949832916,Europe,52004.53,0.874,11.015715
Austria,2000,0.2896469235420227,Europe,53534.344,0.879,11.106429
Austria,2003,0.2946562767028808,Europe,54919.79,0.889,11.3785715
Austria,2004,0.2978884577751159,Europe,55980.23,0.895,11.469286
Austria,2005,0.2871520817279815,Europe,56890.28,0.898,11.56
Austria,2006,0.295875608921051,Europe,58460.24,0.902,11.545
Austria,2007,0.3057945072650909,Europe,60470.91,0.905,11.53
Austria,2008,0.3043709397315979,Europe,61157.99,0.907,11.47
Austria,2009,0.3149490654468536,Europe,58810.44,0.907,11.67
Austria,2010,0.3025166392326355,Europe,59730.55,0.912,11.71
Austria,2011,0.3080105781555176,Europe,61272.258,0.915,11.71
Austria,2012,0.3047561645507812,Europe,61376.723,0.916,11.75
Austria,2013,0.3075290620326996,Europe,60863.055,0.915,11.79
Austria,2014,0.3053537309169769,Europe,60845.66,0.919,12.01
Austria,2015,0.3053083121776581,Europe,60951.688,0.919,12.08
Austria,2016,0.3079513907432556,Europe,61572.71,0.921,12.11
Austria,2017,0.2973693013191223,Europe,62535.9,0.922,12.16
Austria,2018,0.3084742128849029,Europe,63778.027,0.925,12.21
Austria,2019,0.3021051585674286,Europe,64609.375,0.928,12.26
Austria,2020,0.2980069816112518,Europe,60276.414,0.925,12.310628
Austria,2021,0.3070168197154999,Europe,62968.94,0.93,12.361465
Austria,2022,0.308929294347763,Europe,65694.555,0.927,12.361465
Austria,2023,0.3120467960834503,Europe,64536.297,0.93,12.361465
Azerbaijan,1995,0.3464882373809814,Asia,4211.721,0.618,10.102757
Azerbaijan,2001,0.3645493686199188,Asia,6168.9854,0.66,10.34
Azerbaijan,2002,0.2527766525745392,Asia,6701.0815,0.669,10.38
Azerbaijan,2003,0.2683287858963012,Asia,7329.4062,0.676,10.42
Azerbaijan,2004,0.2662159204483032,Asia,7937.8594,0.682,10.46
Azerbaijan,2005,0.2655490636825561,Asia,10054.101,0.692,10.5
Bangladesh,1991,0.2757080495357513,Asia,2101.3835,0.395,3.4015832
Bangladesh,1995,0.3294298350811004,Asia,2351.7039,0.434,3.8195252
Bangladesh,2000,0.334065318107605,Asia,2712.935,0.477,4.283905
Bangladesh,2005,0.3320129215717315,Asia,3231.6138,0.52,4.72
Bangladesh,2010,0.3213031888008117,Asia,4125.464,0.561,5.12
Bangladesh,2016,0.3238527178764343,Asia,5682.5356,0.632,6.11
Bangladesh,2022,0.3093025386333465,Asia,7888.164,0.68,6.79
Barbados,2016,0.3406803607940674,North America,20930.633,0.803,9.733643
Belarus,1998,0.3201834857463836,Europe,10128.156,0.709,10.211976
Belarus,1999,0.3173814713954925,Europe,10519.749,0.716,10.297237
Belarus,2000,0.3116748332977295,Europe,11182.455,0.724,10.38321
Belarus,2001,0.3057672381401062,Europe,11771.087,0.731,10.469901
Belarus,2002,0.3033624291419983,Europe,12443.933,0.738,10.557316
Belarus,2003,0.2882101237773895,Europe,13413.927,0.747,10.64546
Belarus,2004,0.2647988498210907,Europe,15052.118,0.758,10.734341
Belarus,2005,0.2755340933799743,Europe,16579.873,0.767,10.823963
Belarus,2006,0.2827544212341308,Europe,18349.871,0.777,10.914334
Belarus,2007,0.2961238026618957,Europe,20019.611,0.786,11.00546
Belarus,2008,0.2782604396343231,Europe,22137.947,0.796,11.097346
Belarus,2009,0.2768930494785309,Europe,22236.838,0.798,11.19
Belarus,2010,0.2856659889221191,Europe,24012.613,0.803,11.285
Belarus,2011,0.271525502204895,Europe,25404.756,0.812,11.38
Belarus,2012,0.2652619779109955,Europe,25879.133,0.818,11.474999
Belarus,2013,0.265750527381897,Europe,26147.625,0.821,11.57
Belarus,2014,0.2717666625976562,Europe,26564.436,0.825,11.665
Belarus,2015,0.2563322484493255,Europe,25513.213,0.825,11.76
Belarus,2016,0.2530661523342132,Europe,24846.83,0.825,11.8550005
Belarus,2017,0.2544457018375397,Europe,25503.98,0.828,11.95
Belarus,2018,0.2524052560329437,Europe,26363.463,0.827,12.045
Belarus,2019,0.2527784705162048,Europe,26798.82,0.826,12.14
Belarus,2020,0.2438335567712783,Europe,26731.496,0.815,12.237297
Belgium,1992,0.2494648247957229,Europe,42719.047,0.845,9.685802
Belgium,1995,0.2841081917285919,Europe,44310.63,0.875,10.107464
Belgium,1997,0.2683219611644745,Europe,46396.004,0.884,10.281089
Belgium,2000,0.3313597738742828,Europe,50455.734,0.894,10.541527
Belgium,2003,0.2814334332942962,Europe,51788.844,0.903,10.832969
Belgium,2004,0.3054142892360687,Europe,53406.69,0.909,10.930116
Belgium,2005,0.2933692038059234,Europe,54346.895,0.911,11.027264
Belgium,2006,0.2805405259132385,Europe,55367.62,0.913,11.05
Belgium,2007,0.2923767864704132,Europe,56983.46,0.916,11.115001
Belgium,2008,0.283737301826477,Europe,56787.74,0.917,11.18
Belgium,2009,0.2855119109153747,Europe,55258.707,0.919,11.32
Belgium,2010,0.2837482988834381,Europe,56240.203,0.921,11.42
Belgium,2011,0.2806043922901153,Europe,56585.3,0.923,11.47
Belgium,2012,0.2749049961566925,Europe,56356.824,0.923,11.5
Belgium,2013,0.2766885757446289,Europe,56263.176,0.925,11.54
Belgium,2014,0.2813401222229004,Europe,57002.91,0.93,11.64
Belgium,2015,0.2772930860519409,Europe,57509.023,0.933,11.89
Belgium,2016,0.2758074104785919,Europe,57901.496,0.936,11.99
Belgium,2017,0.2738764882087707,Europe,58529.332,0.94,12.24
Belgium,2018,0.2721419930458069,Europe,59357.69,0.942,12.309999
Belgium,2019,0.2721955478191376,Europe,60479.977,0.945,12.38
Belgium,2020,0.2595827877521515,Europe,57333.543,0.939,12.533869
Belgium,2021,0.2657763361930847,Europe,60669.215,0.948,12.689651
Belgium,2022,0.2637555599212646,Europe,62561.78,0.945,12.689651
Belgium,2023,0.2682310342788696,Europe,63095.402,0.951,12.689651
Belize,1995,0.5754764676094055,North America,9967.847,0.647,6.3085713
Belize,2018,0.3994958400726318,North America,11451.897,0.723,8.879373
Benin,2003,0.3857746720314026,Africa,2639.0437,0.442,2.4726834
Benin,2011,0.4343927502632141,Africa,2732.0125,0.49,2.57415
Benin,2015,0.4760386049747467,Africa,2952.0022,0.511,2.6248834
Benin,2018,0.3794864416122436,Africa,3155.4512,0.507,2.8418949
Benin,2021,0.3439580798149109,Africa,3464.2886,0.506,3.1942
Bhutan,2012,0.3880932629108429,Asia,11143.944,0.609,2.22
Bhutan,2017,0.3744140863418579,Asia,13482.343,0.656,4.06
Bhutan,2022,0.2845992147922516,Asia,14061.3125,0.695,5.8357944
Bolivia,1997,0.5814171433448792,South America,7301.5093,0.61,6.7655554
Bolivia,1999,0.5803599953651428,South America,7435.7256,0.624,6.9877777
Bolivia,2000,0.6156523823738098,South America,7492.4336,0.63,7.098889
Bolivia,2001,0.5736684203147888,South America,7491.1523,0.639,7.21
Bolivia,2002,0.5927492380142212,South America,7550.0156,0.642,7.1480002
Bolivia,2004,0.5500035285949707,South America,7811.5967,0.648,7.024
Bolivia,2005,0.5851856470108032,South America,8020.6357,0.658,6.962
Bolivia,2006,0.566602885723114,South America,8263.319,0.656,6.9
Bolivia,2007,0.5453250408172607,South America,8493.948,0.664,7.0499997
Bolivia,2008,0.5081493854522705,South America,8865.272,0.668,7.2
Bolivia,2009,0.4922029674053192,South America,9011.557,0.671,7.48
Bolivia,2011,0.4608036279678345,South America,9554.445,0.683,7.94
Bolivia,2012,0.4657996892929077,South America,9884.462,0.685,8.17
Bolivia,2013,0.475885808467865,South America,10391.384,0.699,8.423333
Bolivia,2014,0.4782916903495788,South America,10790.848,0.701,8.676667
Bolivia,2015,0.4673164486885071,South America,11144.642,0.704,8.93
Bolivia,2016,0.4524082243442535,South America,11448.021,0.714,9.1625
Bolivia,2017,0.4461779594421386,South America,11755.256,0.715,9.395
Bolivia,2018,0.4257908761501312,South America,11920.313,0.722,9.6275
Bolivia,2019,0.4164430201053619,South America,11930.916,0.728,9.86
Bolivia,2020,0.4364543855190277,South America,10285.659,0.697,9.83
Bolivia,2021,0.4091332256793976,South America,11202.441,0.693,10.021223
Bolivia,2022,0.4120837748050689,South America,11487.715,0.727,10.021223
Bolivia,2023,0.4205011427402496,South America,11616.157,0.733,10.021223
Bosnia and Herzegovina,2001,0.2996641993522644,Europe,7982.552,0.677,6.626102
Bosnia and Herzegovina,2004,0.3403748869895935,Europe,9344.869,0.694,6.6654186
Bosnia and Herzegovina,2007,0.3306158781051636,Europe,11178.728,0.709,6.7962227
Bosnia and Herzegovina,2011,0.3303018510341644,Europe,12487.701,0.731,7.24
Botswana,1993,0.6014758944511414,Africa,10902.951,0.588,6.234
Botswana,2002,0.6153864860534668,Africa,13479.696,0.594,7.878
Botswana,2009,0.5693109035491943,Africa,13489.951,0.644,8.752
Botswana,2015,0.5490735769271851,Africa,15994.964,0.69,10.02
Brazil,1990,0.6045087575912476,South America,12633.288,0.641,3.685052
Brazil,1992,0.5310341715812683,South America,12271.979,0.648,3.976937
Brazil,1993,0.6006689667701721,South America,12669.429,0.654,4.12288
Brazil,1995,0.5953119397163391,South America,13550.439,0.666,4.414765
Brazil,1996,0.5983837842941284,South America,13641.63,0.671,4.586248
Brazil,1997,0.597547173500061,South America,13896.625,0.676,4.7577305
Brazil,1998,0.595662534236908,South America,13737.703,0.68,4.929213
Brazil,1999,0.5895122289657593,South America,13602.414,0.684,5.1006956
Brazil,2001,0.5840287804603577,South America,14016.132,0.694,5.449134
Brazil,2002,0.5810567140579224,South America,14265.905,0.7,5.626089
Brazil,2003,0.5755338668823242,South America,14259.366,0.705,5.803045
Brazil,2004,0.5647182464599609,South America,14911.261,0.712,5.98
Brazil,2005,0.5631012916564941,South America,15221.014,0.718,6.15
Brazil,2006,0.5564221143722534,South America,15657.4795,0.725,6.32
Brazil,2007,0.5491916537284851,South America,16440.584,0.732,6.5
Brazil,2008,0.5403758883476257,South America,17113.367,0.739,6.67
Brazil,2009,0.5368199944496155,South America,16939.441,0.742,6.77
Brazil,2011,0.5294176936149597,South America,18627.81,0.753,7.01
Brazil,2012,0.5343539118766785,South America,18832.219,0.758,7.22
Brazil,2013,0.5268340110778809,South America,19241.506,0.762,7.29
Brazil,2014,0.520297110080719,South America,19183.172,0.765,7.38
Brazil,2015,0.519265353679657,South America,18357.068,0.764,7.51
Brazil,2016,0.5336719155311584,South America,17620.928,0.765,7.73
Brazil,2017,0.5332115888595581,South America,17724.48,0.77,7.85
Brazil,2018,0.5388841032981873,South America,17917.75,0.774,7.98
Brazil,2019,0.5350940823554993,South America,18018.621,0.776,8.125778
Brazil,2020,0.48902028799057,South America,17327.516,0.77,8.274219
Brazil,2021,0.5293880701065063,South America,18075.705,0.768,8.425372
Brazil,2022,0.5201530456542969,South America,18554.047,0.78,8.425372
Brazil,2023,0.5163943767547607,South America,19079.812,0.786,8.425372
Bulgaria,1992,0.3071430921554565,Europe,12961.038,0.709,7.37
Bulgaria,2006,0.3568882644176483,Europe,19024.623,0.779,10.42
Bulgaria,2007,0.3609587848186493,Europe,20440.338,0.785,10.54
Bulgaria,2008,0.3357256948947906,Europe,21846.045,0.791,10.59
Bulgaria,2009,0.3382307589054107,Europe,21251.305,0.793,10.64
Bulgaria,2010,0.3565346598625183,Europe,21724.377,0.799,10.72
Bulgaria,2011,0.3427497744560241,Europe,22321.125,0.803,10.78
Bulgaria,2012,0.3601097464561462,Europe,22618.904,0.807,10.9
Bulgaria,2013,0.3657089471817016,Europe,22954.492,0.815,11.01
Bulgaria,2014,0.3741585314273834,Europe,23455.58,0.819,11.05
Bulgaria,2015,0.3856437802314758,Europe,24562.75,0.824,11.19
Bulgaria,2016,0.4058967530727386,Europe,25636.852,0.827,11.23
Bulgaria,2017,0.4037896394729614,Europe,26691.87,0.829,11.24
Bulgaria,2018,0.4128407537937164,Europe,27691.01,0.832,11.296666
Bulgaria,2019,0.4027111828327179,Europe,29150.043,0.835,11.353333
Bulgaria,2020,0.4052315354347229,Europe,28521.324,0.826,11.41
Bulgaria,2021,0.3900544643402099,Europe,30959.111,0.817,11.454531
Bulgaria,2022,0.3820150196552276,Europe,32433.793,0.835,11.454531
Bulgaria,2023,0.3947053551673889,Europe,33073.816,0.845,11.454531
Burkina Faso,2009,0.3976069986820221,Africa,1779.323,0.366,1.0685714
Burkina Faso,2014,0.3530122637748718,Africa,2083.1985,0.409,1.29
Burkina Faso,2018,0.4301673173904419,Africa,2316.3943,0.449,1.92
Burkina Faso,2021,0.3739128708839416,Africa,2486.431,0.454,2.26655
Burundi,1992,0.3333381116390228,Africa,1476.9944,0.294,1.5677779
Burundi,1998,0.4205813705921173,Africa,1101.2205,0.303,1.8911111
Burundi,2006,0.333598643541336,Africa,998.06946,0.376,2.3222222
Burundi,2013,0.3862397670745849,Africa,1014.5231,0.428,2.0966666
Burundi,2020,0.3745608627796173,Africa,1030.7703,0.435,3.2915907
Cameroon,1996,0.4444674551486969,Africa,3577.592,0.432,2.6412144
Cameroon,2001,0.4213679432868957,Africa,3884.873,0.458,3.0588317
Cameroon,2007,0.4282006323337555,Africa,4302.619,0.485,3.49
Cameroon,2014,0.4664087295532226,Africa,4588.4863,0.566,5.809855
Cameroon,2021,0.4217607378959656,Africa,4793.556,0.574,6.5741806
Canada,1990,0.3136535584926605,North America,40475.113,0.865,10.748729
Canada,1991,0.3194338977336883,North America,39139.312,0.868,10.92
Canada,1992,0.315643161535263,North America,39023.184,0.873,11.094
Canada,1993,0.3167592287063598,North America,39622.48,0.871,11.268
Canada,1994,0.3130380511283874,North America,40952.137,0.877,11.442
Canada,1995,0.3150957822799682,North America,41617.723,0.881,11.616
Canada,1996,0.3276805281639099,North America,41880.55,0.884,11.79
Canada,1997,0.3311694264411926,North America,43241.242,0.884,11.964
Canada,1998,0.3321724534034729,North America,44553.28,0.883,12.138
Canada,1999,0.3306093513965606,North America,46464.547,0.888,12.312
Canada,2000,0.3341829478740692,North America,48399.305,0.894,12.486
Canada,2001,0.3355478346347809,North America,48774.168,0.897,12.66
Canada,2002,0.3356030881404876,North America,49695.008,0.899,12.792
Canada,2003,0.3380946516990661,North America,50139.785,0.902,12.924
Canada,2004,0.3377648293972015,North America,51210.68,0.906,13.056
Canada,2005,0.3362180590629577,North America,52356.56,0.909,13.188
Canada,2006,0.3409053981304168,North America,53195.78,0.913,13.32
Canada,2007,0.3384100794792175,North America,53761.863,0.914,13.368
Canada,2008,0.3393056690692901,North America,53711.68,0.916,13.416
Canada,2009,0.3395215272903442,North America,51552.42,0.915,13.464
Canada,2010,0.3359260261058807,North America,52558.44,0.918,13.512
Canada,2011,0.3265707790851593,North America,53681.13,0.921,13.56
Canada,2012,0.3353901207447052,North America,54034.805,0.927,13.594
Canada,2013,0.3379898071289062,North America,54712.18,0.93,13.628
Canada,2014,0.3315760493278503,North America,55723.484,0.932,13.662
Canada,2015,0.337464839220047,North America,55660.867,0.932,13.696
Canada,2016,0.3270182311534881,North America,55606.156,0.933,13.73
Canada,2017,0.3330820500850677,North America,56612.33,0.935,13.757999
Canada,2018,0.3250927031040191,North America,57337.492,0.935,13.785999
Canada,2019,0.3174964785575866,North America,57583.848,0.937,13.814
Canada,2020,0.2985168397426605,North America,54092.88,0.931,13.842
Canada,2021,0.3111463487148285,North America,56995.117,0.937,13.87
Cape Verde,2001,0.5249522924423218,Africa,4540.907,0.591,5.3491545
Cape Verde,2007,0.4718738794326782,Africa,6767.4067,0.636,5.5622773
Cape Verde,2015,0.4238108694553375,Africa,7560.1367,0.658,5.86
Central African Republic,1992,0.596851110458374,Africa,1294.2025,0.321,2.0019693
Central African Republic,2008,0.5619515180587769,Africa,1283.2728,0.362,3.1244502
Central African Republic,2021,0.4303445816040039,Africa,1128.5524,0.339,3.9894314
Chad,2003,0.3981172740459442,Africa,1878.5858,0.32,1.4300526
Chad,2011,0.433202713727951,Africa,2741.0708,0.384,1.8545539
Chad,2018,0.3749915361404419,Africa,2552.3704,0.402,2.185493
Chad,2022,0.3735768496990204,Africa,2449.4824,0.414,2.3349848
Chile,1990,0.5723575949668884,South America,10952.655,0.718,8.384781
Chile,1992,0.5480666160583496,South America,12735.602,0.73,8.5436945
Chile,1994,0.5642126798629761,South America,13846.349,0.73,8.702608
Chile,1996,0.5486896634101868,South America,15744.738,0.745,8.855248
Chile,1998,0.5551680326461792,South America,17156.973,0.759,9.0016165
Chile,2000,0.5275869369506836,South America,17525.271,0.771,9.1479845
Chile,2003,0.5147556066513062,South America,18902.871,0.789,9.5619955
Chile,2006,0.4770688414573669,South America,21968.537,0.804,9.773334
Chile,2009,0.4740466773509979,South America,23013.582,0.819,9.98
Chile,2011,0.4686815738677978,South America,25366.27,0.823,9.54
Chile,2013,0.4682393968105316,South America,27291.357,0.845,10.01
Chile,2015,0.453433483839035,South America,27811.375,0.855,10.26
Chile,2017,0.4526998400688171,South America,27892.994,0.862,10.59
Chile,2020,0.4700490832328796,South America,26248.562,0.856,11.111555
Chile,2022,0.4304278194904327,South America,29569.479,0.869,11.291054
China,1990,0.3222661912441253,Asia,1666.9277,0.491,4.14
China,1993,0.3387779891490936,Asia,2286.7598,0.522,4.7339997
China,1996,0.3522765934467315,Asia,3055.9697,0.555,5.328
China,1999,0.387032151222229,Asia,3774.1377,0.587,5.922
China,2002,0.4198572635650635,Asia,4744.3984,0.619,6.308
China,2005,0.4090076684951782,Asia,6298.323,0.654,6.5899997
China,2008,0.4296503961086273,Asia,8743.745,0.689,6.8719997
China,2010,0.4374495446681976,Asia,10476.3125,0.71,7.06
China,2011,0.4240922331809997,Asia,11405.018,0.717,7.154565
China,2012,0.4223716557025909,Asia,12217.8545,0.725,7.2491302
China,2013,0.3973639905452728,Asia,13080.829,0.733,7.343695
China,2014,0.3917765319347381,Asia,13968.581,0.742,7.43826
China,2015,0.3859530389308929,Asia,14856.78,0.75,7.532825
China,2016,0.3848051726818084,Asia,15772.765,0.758,7.62739
China,2017,0.3907577693462372,Asia,16757.973,0.765,7.7219553
China,2018,0.3849764168262481,Asia,17806.791,0.774,7.81652
China,2019,0.3816834390163421,Asia,18820.514,0.781,7.8832603
China,2020,0.3709083199501037,Asia,19215.154,0.786,7.95
China,2021,0.3574375212192535,Asia,20843.297,0.794,8.036181
China,2022,0.360195130109787,Asia,21499.383,0.796,8.036181
Colombia,1992,0.5134726166725159,South America,10196.433,0.639,6.4485917
Colombia,1996,0.5677192807197571,South America,11303.131,0.663,6.6554546
Colombia,1999,0.5852622985839844,South America,10679.709,0.673,6.8109093
Colombia,2000,0.5837996006011963,South America,10813.494,0.679,6.862727
Colombia,2001,0.5731984376907349,South America,10823.45,0.681,6.9145455
Colombia,2002,0.5600672960281372,South America,10925.148,0.684,6.966364
Colombia,2003,0.5357276797294617,South America,11183.291,0.691,7.018182
Colombia,2004,0.5497446656227112,South America,11607.938,0.699,7.07
Colombia,2005,0.5390760898590088,South America,11999.255,0.711,7.28
Colombia,2008,0.5530605912208557,South America,13591.061,0.731,7.32
Colombia,2009,0.5428210496902466,South America,13586.752,0.736,7.25
Colombia,2010,0.5461633801460266,South America,14037.064,0.741,7.39
Colombia,2011,0.5348308682441711,South America,14852.37,0.747,7.52
Colombia,2012,0.5263722538948059,South America,15279.479,0.748,7.63
Colombia,2013,0.5262469053268433,South America,15912.247,0.76,7.83
Colombia,2014,0.5254296064376831,South America,16480.363,0.763,7.99
Colombia,2015,0.5098260045051575,South America,16821.38,0.767,8.05
Colombia,2016,0.5056243538856506,South America,17003.244,0.772,8.22
Colombia,2017,0.497065931558609,South America,16986.033,0.774,8.360001
Colombia,2018,0.5041036605834961,South America,17104.13,0.775,8.5
Colombia,2019,0.5132542848587036,South America,17336.771,0.777,8.64
Colombia,2020,0.5348644256591797,South America,15861.5,0.764,8.86
Colombia,2021,0.5511702299118042,South America,17383.09,0.762,9.031582
Colombia,2022,0.5481858253479004,South America,18458.72,0.782,9.031582
Colombia,2023,0.5388192534446716,South America,18382.998,0.788,9.031582
Comoros,2004,0.559238076210022,Africa,3058.3833,0.492,3.3443093
Comoros,2014,0.4533218741416931,Africa,3334.5752,0.56,4.88261
Congo,2005,0.4732987284660339,Africa,7876.118,0.569,7.5029297
Congo,2011,0.4893769323825836,Africa,8492.421,0.613,7.6871653
Costa Rica,1990,0.4521392583847046,North America,10953.426,0.677,6.8083987
Costa Rica,1991,0.4655316472053528,North America,10920.1,0.682,6.899583
Costa Rica,1992,0.456392228603363,North America,11626.836,0.691,6.9907665
Costa Rica,1993,0.4592636227607727,North America,12144.449,0.696,7.0819507
Costa Rica,1994,0.4670184552669525,North America,12385.454,0.701,7.1731343
Costa Rica,1995,0.4565892517566681,North America,12593.226,0.706,7.2643185
Costa Rica,1996,0.4647768139839172,North America,12467.621,0.707,7.3230815
Costa Rica,1997,0.4557816684246063,North America,12856.583,0.712,7.3818445
Costa Rica,1998,0.4563739895820617,North America,13481.06,0.714,7.4406075
Costa Rica,1999,0.4763061702251434,North America,13760.924,0.717,7.49937
Costa Rica,2000,0.4740948379039764,North America,14018.742,0.72,7.558133
Costa Rica,2001,0.5150595903396606,North America,14250.463,0.726,7.6574225
Costa Rica,2002,0.5181252956390381,North America,14495.992,0.73,7.7567115
Costa Rica,2003,0.4930032193660736,North America,14891.34,0.736,7.856001
Costa Rica,2004,0.4841752052307129,North America,15323.289,0.741,7.95529
Costa Rica,2005,0.4751025736331939,North America,15703.963,0.748,8.054579
Costa Rica,2006,0.4928048253059387,North America,16620.135,0.755,8.0322895
Costa Rica,2007,0.4931281208992004,North America,17743.623,0.76,8.01
Costa Rica,2008,0.4864077270030975,North America,18334.014,0.769,8.29
Costa Rica,2009,0.505546510219574,North America,17932.615,0.773,8.36
Costa Rica,2010,0.480430394411087,North America,18660.92,0.776,8.23
Costa Rica,2011,0.4875920116901397,North America,19254.914,0.783,8.35
Costa Rica,2012,0.4841729998588562,North America,19960.793,0.789,8.41
Costa Rica,2013,0.4915180802345276,North America,20232.268,0.795,8.58
Costa Rica,2014,0.4863209128379822,North America,20724.922,0.802,8.75
Costa Rica,2015,0.4837394952774048,North America,21254.783,0.803,8.58
Costa Rica,2016,0.4870411157608032,North America,21925.6,0.805,8.56
Costa Rica,2017,0.4834520220756531,North America,22622.553,0.809,8.64
Costa Rica,2018,0.4796996116638183,North America,23005.312,0.813,8.72
Costa Rica,2019,0.4818985164165497,North America,23364.783,0.821,8.76
Costa Rica,2020,0.4924504458904266,North America,22211.861,0.819,8.8
Costa Rica,2021,0.4867802858352661,North America,23852.926,0.817,8.844752
Costa Rica,2022,0.4715129733085632,North America,24831.719,0.823,8.844752
Costa Rica,2023,0.4672932922840118,North America,25979.629,0.833,8.844752
Cote d'Ivoire,1992,0.3938195705413818,Africa,4843.2935,0.392,2.1487036
Cote d'Ivoire,1995,0.4056382179260254,Africa,4638.7573,0.399,2.415359
Cote d'Ivoire,1998,0.3895732164382934,Africa,5093.132,0.413,2.8501236
Cote d'Ivoire,2008,0.4317944943904876,Africa,4096.7236,0.452,3.8916266
Cote d'Ivoire,2015,0.4146845936775207,Africa,5110.8623,0.519,4.707143
Cote d'Ivoire,2018,0.3716887533664703,Africa,5670.2,0.545,4.7885714
Cote d'Ivoire,2021,0.3527536392211914,Africa,6045.2046,0.557,4.87
Croatia,2009,0.3255360126495361,Europe,29024.76,0.826,10.898001
Croatia,2010,0.323729932308197,Europe,28702.004,0.831,11.019
Croatia,2011,0.3225421607494354,Europe,28769.33,0.836,11.14
Croatia,2012,0.3247163891792297,Europe,28259.346,0.839,11.267766
Croatia,2013,0.3199221491813659,Europe,28397.855,0.846,11.323814
Croatia,2014,0.3210290968418121,Europe,28456.736,0.848,11.394281
Croatia,2015,0.3111312985420227,Europe,29466.7,0.852,11.417611
Croatia,2016,0.3089787364006042,Europe,30821.164,0.856,11.54999
Croatia,2017,0.3035227358341217,Europe,32348.934,0.862,11.633748
Croatia,2018,0.2972862422466278,Europe,33729.906,0.867,11.768991
Croatia,2019,0.2890828251838684,Europe,35122.85,0.872,11.849183
Croatia,2020,0.2954330444335937,Europe,32493.312,0.867,11.950723
Croatia,2021,0.2889594733715057,Europe,36930.285,0.876,12.095121
Croatia,2022,0.3001732230186462,Europe,39864.01,0.886,12.095121
Croatia,2023,0.3010595738887787,Europe,41320.203,0.889,12.095121
Cyprus,2004,0.3008905351161957,Europe,40020.09,0.84,10.56
Cyprus,2005,0.3025941252708435,Europe,41362.266,0.844,10.72
Cyprus,2006,0.3112596273422241,Europe,42595.38,0.85,10.97
Cyprus,2007,0.3111327290534973,Europe,43823.94,0.855,11.19
Cyprus,2008,0.3170860707759857,Europe,44295.812,0.862,11.28
Cyprus,2009,0.3210826218128204,Europe,42253.562,0.867,11.26
Cyprus,2010,0.3145778775215149,Europe,42102.457,0.869,11.44
Cyprus,2011,0.3262549936771393,Europe,41212.86,0.872,11.58
Cyprus,2012,0.3431243300437927,Europe,39190.383,0.872,11.81
Cyprus,2013,0.3704183399677276,Europe,36650.723,0.873,11.88
Cyprus,2014,0.3556528389453888,Europe,36105.05,0.875,11.88
Cyprus,2015,0.3396637737751007,Europe,37258.652,0.882,11.87
Cyprus,2016,0.3289168179035187,Europe,39501.016,0.888,12.09
Cyprus,2017,0.3141623437404632,Europe,41418.16,0.897,12.184999
Cyprus,2018,0.3273975253105163,Europe,43510.21,0.902,12.28
Cyprus,2019,0.3122324049472809,Europe,45454.363,0.907,12.36
Cyprus,2020,0.3172794282436371,Europe,43402.54,0.905,12.44
Cyprus,2021,0.3125177025794983,Europe,47632.77,0.907,12.557372
Cyprus,2022,0.3153407573699951,Europe,50623.797,0.908,12.557372
Cyprus,2023,0.3183839917182922,Europe,51453.727,0.913,12.557372
Czechia,1992,0.2070328295230865,Europe,24584.33,0.752,9.478666
Czechia,1993,0.265534907579422,Europe,24573.992,0.76,9.667334
Czechia,1996,0.2579900920391083,Europe,28021.67,0.793,10.233334
Czechia,2002,0.2655509412288666,Europe,30919.549,0.835,11.365334
Czechia,2004,0.2753317952156067,Europe,33452.34,0.848,11.742666
Czechia,2005,0.2694601714611053,Europe,35535.746,0.856,11.931334
Czechia,2006,0.2674411833286285,Europe,37786.88,0.864,12.12
Czechia,2007,0.2599864900112152,Europe,39629.008,0.87,12.14
Czechia,2008,0.2628021240234375,Europe,40328.344,0.873,12.19
Czechia,2009,0.2615667581558227,Europe,38175.14,0.875,12.29
Czechia,2010,0.2662351429462433,Europe,39097.387,0.88,12.39
Czechia,2011,0.2638127505779266,Europe,39708.164,0.883,12.47
Czechia,2012,0.2610993981361389,Europe,39347.05,0.885,12.52
Czechia,2013,0.2647390365600586,Europe,39317.555,0.892,12.6
Czechia,2014,0.259232223033905,Europe,40158.016,0.898,12.64
Czechia,2015,0.2586742639541626,Europe,42066.574,0.9,12.67
Czechia,2016,0.2540633380413055,Europe,43069.465,0.902,12.74
Czechia,2017,0.2485221028327942,Europe,45177.523,0.904,12.79
Czechia,2018,0.2499034106731414,Europe,46301.082,0.901,12.83
Czechia,2019,0.252621978521347,Europe,47763.617,0.903,12.87
Czechia,2020,0.2624513208866119,Europe,45119.938,0.898,12.916507
Czechia,2021,0.2620210349559784,Europe,47796.035,0.901,12.963182
Czechia,2022,0.2587038874626159,Europe,48390.66,0.911,12.963182
Czechia,2023,0.2571399807929992,Europe,47558.41,0.915,12.963182
Democratic Republic of Congo,2004,0.4163389503955841,Africa,987.74695,0.403,5.3786893
Democratic Republic of Congo,2012,0.4207512140274048,Africa,1267.2383,0.451,5.853739
Democratic Republic of Congo,2020,0.4467324018478393,Africa,1361.028,0.506,7.206165
Denmark,1992,0.2469104528427124,Europe,47540.926,0.85,11.52
Denmark,1995,0.2295589596033096,Europe,50927.547,0.862,11.65
Denmark,2000,0.2376631945371627,Europe,57907.504,0.896,12.475
Denmark,2003,0.2563104033470154,Europe,58425.965,0.907,12.97
Denmark,2004,0.2491179555654525,Europe,59893.094,0.912,12.92
Denmark,2005,0.2518638670444488,Europe,61137.68,0.917,12.83
Denmark,2006,0.2591307759284973,Europe,63262.742,0.917,12.74
Denmark,2007,0.2618425786495209,Europe,63604.562,0.918,12.65
Denmark,2008,0.2524627149105072,Europe,62968.16,0.922,12.88
Denmark,2009,0.2670119404792785,Europe,59516.508,0.915,12.47
Denmark,2010,0.2719855904579162,Europe,60190.633,0.92,12.43
Denmark,2011,0.2731174528598785,Europe,60729.055,0.934,12.47
Denmark,2012,0.2779074907302856,Europe,60497.69,0.938,12.7
Denmark,2013,0.2854254841804504,Europe,61085.03,0.941,12.75
Denmark,2014,0.2835288047790527,Europe,61552.8,0.939,12.39
Denmark,2015,0.2817724347114563,Europe,62405.715,0.943,12.64
Denmark,2016,0.281874418258667,Europe,63823.45,0.951,13.16
Denmark,2017,0.2874666154384613,Europe,65352.4,0.951,13.009999
Denmark,2018,0.2816572785377502,Europe,66238.7,0.95,12.86
Denmark,2019,0.2772331535816192,Europe,67131.47,0.953,12.91
Denmark,2020,0.2750393748283386,Europe,65744.44,0.954,12.96
Denmark,2021,0.2832349240779876,Europe,69715.18,0.958,13.027321
Denmark,2022,0.2925940155982971,Europe,69475.32,0.959,13.027321
Denmark,2023,0.2992484867572784,Europe,69379.22,0.962,13.027321
Djibouti,2013,0.4411860406398773,Africa,4469.074,0.45,2.9827561
Djibouti,2017,0.4158601462841034,Africa,5421.9565,0.484,3.62665
Dominican Republic,1992,0.5105342268943787,North America,7900.768,0.604,5.5286255
Dominican Republic,1996,0.4742047786712646,North America,9036.884,0.631,6.0306687
Dominican Republic,1997,0.4890393018722534,North America,9671.148,0.639,6.139274
Dominican Republic,2000,0.5151459574699402,North America,10896.318,0.658,6.4650903
Dominican Republic,2001,0.4999899864196777,North America,10991.137,0.663,6.5429583
Dominican Republic,2002,0.4967226088047027,North America,11313.069,0.668,6.6208262
Dominican Republic,2003,0.5212064981460571,North America,11000.868,0.67,6.6986938
Dominican Republic,2004,0.5205090045928955,North America,11131.2705,0.673,6.7765617
Dominican Republic,2005,0.4996522665023803,North America,12022.508,0.683,6.8544297
Dominican Republic,2006,0.5196129679679871,North America,12961.918,0.691,7.012215
Dominican Republic,2007,0.4885563850402832,North America,13754.921,0.698,7.17
Dominican Republic,2008,0.4810760617256164,North America,14030.141,0.704,7.193333
Dominican Republic,2009,0.4887566566467285,North America,13992.41,0.707,7.2166667
Dominican Republic,2010,0.4732594490051269,North America,14975.001,0.715,7.24
Dominican Republic,2011,0.4770690500736236,North America,15258.086,0.721,7.33
Dominican Republic,2012,0.4613354206085205,North America,15487.277,0.727,7.43
Dominican Republic,2013,0.4765639305114746,North America,16054.768,0.731,7.52
Dominican Republic,2014,0.4427946805953979,North America,16993.588,0.737,7.65
Dominican Republic,2015,0.4518102407455444,North America,17973.188,0.747,7.72
Dominican Republic,2016,0.4572271406650543,North America,18968.975,0.766,9.04
Dominican Republic,2017,0.4219327867031097,North America,19501.875,0.77,8.981827
Dominican Republic,2018,0.4368615746498108,North America,20662.848,0.773,8.923654
Dominican Republic,2019,0.4191723763942718,North America,21451.287,0.771,8.86548
Dominican Republic,2020,0.3962867259979248,North America,19545.41,0.767,9.150424
Dominican Republic,2021,0.3852935433387756,North America,22053.459,0.762,9.444526
Dominican Republic,2022,0.3697940111160278,North America,22986.959,0.778,9.444526
Dominican Republic,2023,0.3839756548404693,North America,23282.49,0.776,9.444526
East Timor,2001,0.3593529164791107,Asia,4038.336,0.521,3.9075112
East Timor,2007,0.2782331705093384,Asia,3256.5698,0.609,4.8180275
East Timor,2014,0.2865292727947235,Asia,4445.3594,0.637,5.29016
Ecuador,1994,0.5333368182182312,South America,9494.175,0.667,6.9782352
Ecuador,1999,0.5857383012771606,South America,9242.967,0.682,7.2635293
Ecuador,2000,0.5630455017089844,South America,9183.052,0.683,7.320588
Ecuador,2003,0.5351476073265076,South America,9802.814,0.703,7.4917645
Ecuador,2004,0.5389178395271301,South America,10290.663,0.709,7.5488234
Ecuador,2005,0.5305740237236023,South America,10660.205,0.714,7.605882
Ecuador,2006,0.5225061774253845,South America,10933.49,0.718,7.662941
Ecuador,2007,0.5335530638694763,South America,10952.822,0.722,7.72
Ecuador,2008,0.4978812932968139,South America,11474.525,0.729,7.73
Ecuador,2009,0.4849892854690552,South America,11403.527,0.731,7.74
Ecuador,2010,0.4880008399486542,South America,11665.698,0.737,7.85
Ecuador,2011,0.4587163627147674,South America,12449.078,0.743,7.91
Ecuador,2012,0.4610954225063324,South America,12961.026,0.75,8.1
Ecuador,2013,0.4686249792575836,South America,13689.152,0.755,8.29
Ecuador,2014,0.4499267935752868,South America,14064.799,0.76,8.36
Ecuador,2015,0.4595100879669189,South America,13881.57,0.764,8.7
Ecuador,2016,0.4501645565032959,South America,13586.516,0.761,8.69
Ecuador,2017,0.446701169013977,South America,14179.153,0.764,8.77
Ecuador,2018,0.4543803036212921,South America,14083.507,0.767,8.786667
Ecuador,2019,0.4571003913879394,South America,13870.489,0.765,8.803333
Ecuador,2020,0.4730967283248901,South America,12440.326,0.74,8.82
Ecuador,2021,0.457976222038269,South America,13507.444,0.753,9.11
Ecuador,2022,0.4546512067317962,South America,14186.639,0.773,8.97
Ecuador,2023,0.4457955360412597,South America,14343.019,0.777,8.97
Egypt,1990,0.3200393915176391,Africa,8006.6216,0.572,5.3026967
Egypt,1995,0.3008283972740173,Africa,8423.578,0.609,6.1184964
Egypt,1999,0.3083484470844269,Africa,9588.859,0.634,6.357
Egypt,2004,0.3184754550457001,Africa,10451.821,0.645,6.402
Egypt,2008,0.3110243678092956,Africa,12391.585,0.665,6.898182
Egypt,2010,0.3019145727157593,Africa,13128.988,0.677,7.3763638
Egypt,2012,0.2829220294952392,Africa,13076.806,0.689,7.8545456
Egypt,2015,0.3182335793972015,Africa,13425.912,0.706,8.571818
Egypt,2017,0.3153395354747772,Africa,14018.36,0.72,9.05
Egypt,2019,0.3189325034618377,Africa,15026.568,0.736,9.577677
Egypt,2021,0.2848203778266907,Africa,15579.016,0.738,10.13612
El Salvador,1991,0.537876546382904,North America,5960.059,0.529,3.8481445
El Salvador,1995,0.4984672665596008,North America,7057.9204,0.567,4.3471427
El Salvador,1996,0.5095692276954651,North America,7062.3003,0.576,4.472857
El Salvador,1998,0.5437270998954773,North America,7381.1147,0.594,4.7242856
El Salvador,1999,0.5207594633102417,North America,7498.4673,0.598,4.85
El Salvador,2000,0.5146319270133972,North America,7545.4478,0.607,4.975714
El Salvador,2001,0.5134626030921936,North America,7580.323,0.612,5.1014285
El Salvador,2002,0.5185059905052185,North America,7675.671,0.621,5.227143
El Salvador,2003,0.5043299198150635,North America,7780.272,0.628,5.352857
El Salvador,2004,0.4779801666736603,North America,7841.532,0.636,5.4785714
El Salvador,2005,0.4847163259983063,North America,8050.5347,0.642,5.6042857
El Salvador,2006,0.4568923115730285,North America,8404.247,0.647,5.73
El Salvador,2007,0.4521746933460235,North America,8548.835,0.653,5.63
El Salvador,2008,0.4688558876514435,North America,8704.806,0.653,6.03
El Salvador,2009,0.4582484066486358,North America,8494.498,0.653,6.13
El Salvador,2010,0.4351325929164886,North America,8648.93,0.66,6.34
El Salvador,2011,0.4231797754764557,North America,8943.062,0.662,6.21
El Salvador,2012,0.4182883203029632,North America,9165.42,0.666,6.37
El Salvador,2013,0.4335865080356598,North America,9327.564,0.668,6.43
El Salvador,2014,0.4155943989753723,North America,9451.744,0.668,6.5266666
El Salvador,2015,0.4055181443691253,North America,9646.154,0.667,6.623333
El Salvador,2016,0.399785429239273,North America,9863.761,0.666,6.72
El Salvador,2017,0.3800715208053589,North America,10064.794,0.665,6.83
El Salvador,2018,0.3861057162284851,North America,10297.203,0.67,6.9700003
El Salvador,2019,0.3877876400947571,North America,10543.938,0.67,7.11
El Salvador,2021,0.3901063203811645,North America,10809.714,0.663,7.2000003
El Salvador,2022,0.3875299990177154,North America,11085.618,0.674,7.25
El Salvador,2023,0.398023784160614,North America,11424.6455,0.678,7.3
Equatorial Guinea,2022,0.3854236304759979,Africa,16932.771,0.677,8.281327
Estonia,1993,0.3942733407020569,Europe,13758.295,0.713,10.393462
Estonia,2003,0.3719470798969269,Europe,25487.533,0.824,12.690001
Estonia,2004,0.33559250831604,Europe,27384.084,0.834,12.86
Estonia,2005,0.3344676792621612,Europe,30164.006,0.847,13.03
Estonia,2006,0.3366765677928924,Europe,33304.594,0.855,13.2
Estonia,2007,0.3117837905883789,Europe,35989.863,0.859,13.22
Estonia,2008,0.3191497027873993,Europe,34236.95,0.864,13.25
Estonia,2009,0.3144266605377197,Europe,29284.404,0.863,13.32
Estonia,2010,0.3199983835220337,Europe,30070.299,0.868,13.33
Estonia,2011,0.3248837888240814,Europe,32456.121,0.877,13.4
Estonia,2012,0.329134851694107,Europe,33768.574,0.88,13.45
Estonia,2013,0.3507548868656158,Europe,34484.223,0.887,13.54
Estonia,2014,0.3458777964115143,Europe,35723.625,0.885,13.44
Estonia,2015,0.3266787528991699,Europe,36356.44,0.888,13.49
Estonia,2016,0.3119467198848724,Europe,37470.043,0.89,13.51
Estonia,2017,0.303542822599411,Europe,39533.465,0.894,13.56
Estonia,2018,0.3032009899616241,Europe,40853.65,0.897,13.66
Estonia,2019,0.3076534569263458,Europe,42218.96,0.901,13.6050005
Estonia,2020,0.3073707222938537,Europe,40920.527,0.901,13.55
Estonia,2021,0.3183395862579345,Europe,44251.54,0.899,13.562166
Estonia,2022,0.3225240409374237,Europe,43128.633,0.902,13.562166
Estonia,2023,0.3070737719535827,Europe,41288.617,0.905,13.562166
Eswatini,1994,0.5871372818946838,Africa,5427.35,0.543,6.1632237
Eswatini,2000,0.5311352014541626,Africa,6106.0747,0.493,5.581897
Eswatini,2009,0.5144217014312744,Africa,7988.5977,0.519,5.555867
Eswatini,2016,0.5457979440689087,Africa,9402.509,0.619,7.510977
Ethiopia,2004,0.2980685234069824,Africa,877.1145,0.331,1.7834226
Ethiopia,2010,0.3317060172557831,Africa,1381.1904,0.415,2.1325
Ethiopia,2015,0.3499312400817871,Africa,1957.4146,0.456,2.375432
Ethiopia,2021,0.3114179372787475,Africa,2588.413,0.487,2.4025397
Fiji,2002,0.3810205459594726,Oceania,9357.754,0.67,8.535455
Fiji,2008,0.4037558734416961,Oceania,9711.966,0.69,9.379
Fiji,2013,0.3669659793376922,Oceania,10604.156,0.708,10.074
Fiji,2019,0.3070686757564544,Oceania,13056.331,0.727,10.500484
Finland,1991,0.2287976145744323,Europe,36326.082,0.827,9.403847
Finland,1995,0.2345913648605346,Europe,37069.63,0.856,10.299231
Finland,2000,0.2715662717819214,Europe,46968.84,0.898,11.418462
Finland,2003,0.2768642902374267,Europe,49655.547,0.915,12.09
Finland,2004,0.2789765298366546,Europe,51494.707,0.911,12.135
Finland,2005,0.2761949300765991,Europe,52744.047,0.914,12.18
Finland,2006,0.2799872457981109,Europe,54653.98,0.917,12.23
Finland,2007,0.2828556299209595,Europe,57313.293,0.92,12.28
Finland,2008,0.27838134765625,Europe,57494.586,0.921,12.33
Finland,2009,0.2745527625083923,Europe,52599.15,0.916,12.37
Finland,2010,0.2771396338939667,Europe,54017.945,0.92,12.42
Finland,2011,0.2764264941215515,Europe,55053.39,0.924,12.46
Finland,2012,0.2709637880325317,Europe,53957.668,0.924,12.49
Finland,2013,0.271936684846878,Europe,53183.43,0.934,12.55
Finland,2014,0.2677680552005768,Europe,52710.734,0.936,12.6
Finland,2015,0.2710181176662445,Europe,52782.49,0.938,12.63
Finland,2016,0.2707842290401459,Europe,53984.633,0.94,12.684999
Finland,2017,0.2738283276557922,Europe,55637.227,0.942,12.74
Finland,2018,0.2732957005500793,Europe,56226.336,0.945,12.805
Finland,2019,0.2773712575435638,Europe,56922.49,0.947,12.87
Finland,2020,0.2709104418754577,Europe,55424.86,0.947,12.924697
Finland,2021,0.2770850658416748,Europe,56790.375,0.949,12.979626
Finland,2022,0.2792592346668243,Europe,57068.305,0.946,12.979626
Finland,2023,0.2739983201026916,Europe,56250.88,0.948,12.979626
France,1990,0.3211906254291534,Europe,38655.887,0.798,7.55
France,1996,0.320165753364563,Europe,40990.74,0.842,8.702857
France,1997,0.3190014958381653,Europe,41876.934,0.847,8.895
France,1998,0.3165776431560516,Europe,43162.543,0.851,9.087143
France,1999,0.3249977231025696,Europe,44400.137,0.856,9.279285
France,2000,0.3255305588245392,Europe,45922.48,0.852,9.471429
France,2001,0.325332909822464,Europe,46454.87,0.855,9.663571
France,2002,0.3177815675735473,Europe,46610.78,0.858,9.855714
France,2003,0.3141105473041534,Europe,46730.977,0.862,10.047857
France,2004,0.3064725697040558,Europe,47720.44,0.869,10.24
France,2005,0.2983386814594269,Europe,48257.465,0.877,10.32
France,2006,0.2969108819961548,Europe,49223.246,0.881,10.445
France,2007,0.3242770731449127,Europe,50157.785,0.884,10.57
France,2008,0.3299644291400909,Europe,50068.297,0.884,10.65
France,2009,0.3266122043132782,Europe,48404.965,0.883,10.63
France,2010,0.3372041881084442,Europe,49130.42,0.888,10.78
France,2011,0.3329474925994873,Europe,50085.684,0.892,10.85
France,2012,0.3311485946178436,Europe,49935.625,0.893,10.94
France,2013,0.3251255452632904,Europe,50066.53,0.896,11.08
France,2014,0.3226215839385986,Europe,50326.566,0.9,11.23
France,2015,0.3270423114299774,Europe,50682.895,0.901,11.33
France,2016,0.3192351758480072,Europe,50984.074,0.905,11.35
France,2017,0.3163205087184906,Europe,51895.566,0.908,11.41
France,2018,0.3238066434860229,Europe,52560.953,0.911,11.509999
France,2019,0.311995655298233,Europe,53448.555,0.914,11.61
France,2020,0.3066146969795227,Europe,49311.332,0.909,11.687574
France,2021,0.3150095641613006,Europe,52517.336,0.915,11.765668
France,2022,0.3123691082000732,Europe,53673.812,0.916,11.765668
France,2023,0.3180930912494659,Europe,54296.723,0.92,11.765668
Gabon,2005,0.4218498766422272,Africa,20385.29,0.671,6.92
Gabon,2017,0.380243718624115,Africa,19555.707,0.726,9.208
Gambia,1998,0.4832201600074768,Africa,2502.765,0.389,2.153486
Gambia,2003,0.4731552600860595,Africa,2682.48,0.422,2.4887729
Gambia,2010,0.4356842041015625,Africa,2824.2126,0.463,3.1728477
Gambia,2015,0.3591883182525635,Africa,2495.9575,0.482,3.782621
Gambia,2020,0.3875720500946045,Africa,2702.319,0.512,4.51242
Georgia,2000,0.4045737087726593,Asia,5706.2725,0.705,11.805938
Georgia,2001,0.3955507278442383,Asia,6074.0864,0.712,11.862832
Georgia,2002,0.3724569082260132,Asia,6464.325,0.719,11.92
Georgia,2003,0.3664979636669159,Asia,7227.737,0.733,11.978
Georgia,2004,0.3616828918457031,Asia,7693.915,0.737,12.036
Georgia,2005,0.3737491965293884,Asia,8485.587,0.744,12.094
Georgia,2006,0.3686513602733612,Asia,9337.989,0.75,12.152
Georgia,2007,0.3810798525810241,Asia,10567.274,0.76,12.21
Georgia,2008,0.3853241503238678,Asia,10856.104,0.757,12.268
Georgia,2009,0.382345050573349,Asia,10553.09,0.76,12.326
Georgia,2010,0.3945838809013366,Asia,11294.368,0.77,12.384
Georgia,2011,0.3959311544895172,Asia,12288.683,0.78,12.442
Georgia,2012,0.3895387053489685,Asia,13193.96,0.789,12.5
Georgia,2013,0.385887861251831,Asia,13913.002,0.796,12.559999
Georgia,2014,0.3755413293838501,Asia,14475.313,0.802,12.62
Georgia,2015,0.3650367558002472,Asia,14936.844,0.807,12.715
Georgia,2016,0.3663964867591858,Asia,15442.956,0.809,12.81
Georgia,2017,0.3793957531452179,Asia,16237.624,0.816,12.87
Georgia,2018,0.3641136288642883,Asia,17228.68,0.824,12.844999
Georgia,2019,0.3590069711208343,Asia,18186.88,0.83,12.82
Georgia,2020,0.3446497023105621,Asia,17031.145,0.822,12.78
Georgia,2021,0.3417844474315643,Asia,18915.654,0.819,12.74
Georgia,2022,0.3350002467632293,Asia,20966.527,0.838,12.7
Georgia,2023,0.3475689589977264,Asia,22590.53,0.844,12.7
Germany,1991,0.2949287295341491,Europe,44125.145,0.841,10.573934
Germany,1992,0.290732592344284,Europe,44672.69,0.849,10.784278
Germany,1993,0.2861208617687225,Europe,43948.15,0.859,10.994622
Germany,1994,0.2915941476821899,Europe,44933.293,0.865,11.204967
Germany,1995,0.2881127297878265,Europe,45475.688,0.87,11.415311
Germany,1996,0.2799377739429474,Europe,45814.85,0.875,11.616201
Germany,1997,0.282467246055603,Europe,46596.18,0.881,11.817092
Germany,1998,0.282703697681427,Europe,47565.453,0.887,12.0179825
Germany,1999,0.2904797792434692,Europe,48547.004,0.892,12.218873
Germany,2000,0.28888139128685,Europe,49875.875,0.897,12.419764
Germany,2001,0.2994938790798187,Europe,50606.71,0.904,12.764823
Germany,2002,0.2981053292751312,Europe,50406.38,0.909,13.109882
Germany,2003,0.2980293035507202,Europe,50111.574,0.914,13.454941
Germany,2004,0.3019258677959442,Europe,50704.92,0.923,13.8
Germany,2005,0.3170409202575683,Europe,51182.96,0.923,13.7
Germany,2006,0.3104195892810821,Europe,53222.04,0.927,13.6
Germany,2007,0.311770886182785,Europe,54832.96,0.931,13.68
Germany,2008,0.3080026507377624,Europe,55425.11,0.933,13.76
Germany,2009,0.3047942817211151,Europe,52484.855,0.933,13.83
Germany,2010,0.302184134721756,Europe,54738.707,0.936,13.85
Germany,2011,0.3061050474643707,Europe,57858.42,0.942,13.93
Germany,2012,0.3105579018592834,Europe,58017.586,0.944,13.98
Germany,2013,0.3145359754562378,Europe,58089.17,0.945,14.01
Germany,2014,0.3084779381752014,Europe,59108.7,0.949,14.04
Germany,2015,0.3165391385555267,Europe,59573.707,0.948,14.08
Germany,2016,0.3141309022903442,Europe,60407.973,0.949,14.13
Germany,2017,0.3131486475467682,Europe,61866.49,0.951,14.1050005
Germany,2018,0.3187211453914642,Europe,62381.348,0.952,14.08
Germany,2019,0.3178092539310455,Europe,62849.375,0.957,14.17
Germany,2020,0.3243345022201538,Europe,60203.29,0.955,14.26
Ghana,1991,0.3843171298503876,Africa,2859.827,0.438,4.310931
Ghana,1998,0.4007120728492737,Africa,3229.4822,0.475,5.062362
Ghana,2005,0.427562415599823,Africa,3721.3079,0.515,5.461081
Ghana,2012,0.4237164258956909,Africa,5339.7134,0.575,5.820609
Ghana,2016,0.4350859522819519,Africa,5666.078,0.59,6.0165606
Greece,1995,0.3696634173393249,Europe,27646.148,0.792,8.457143
Greece,2000,0.3444035053253174,Europe,31386.64,0.828,9.103572
Greece,2002,0.3552097976207733,Europe,34081.027,0.836,9.362143
Greece,2003,0.327591985464096,Europe,35970.703,0.842,9.491428
Greece,2004,0.335880309343338,Europe,37811.492,0.851,9.620714
Greece,2005,0.3459669053554535,Europe,38146.965,0.863,9.75
Greece,2006,0.3512181937694549,Europe,40483.156,0.871,10.1
Greece,2007,0.3395082056522369,Europe,41796.234,0.866,10.06
Greece,2008,0.3358771800994873,Europe,41709.387,0.871,10.1
Greece,2009,0.3361497223377228,Europe,39886.215,0.874,10.155001
Greece,2010,0.3409875929355621,Europe,37566.75,0.876,10.21
Greece,2011,0.3484191596508026,Europe,33906.492,0.874,10.3075
Greece,2012,0.3625036180019378,Europe,31250.227,0.874,10.405001
Greece,2013,0.3612728714942932,Europe,30762.443,0.879,10.502501
Greece,2014,0.358045220375061,Europe,31213.377,0.886,10.6
Greece,2015,0.359968364238739,Europe,31347.977,0.888,10.74
Greece,2016,0.3495604395866394,Europe,31468.62,0.884,10.25
Greece,2017,0.3435030877590179,Europe,31995.41,0.887,10.54
Greece,2018,0.3289003670215606,Europe,32722.33,0.893,10.83
Greece,2019,0.3310182988643646,Europe,33502.75,0.896,11.12
Greece,2020,0.3355811536312103,Europe,30487.113,0.896,11.41
Greece,2021,0.3293948471546173,Europe,33531.156,0.897,11.553857
Greece,2022,0.3337360024452209,Europe,35831.344,0.897,11.553857
Greece,2023,0.3343870937824249,Europe,36700.51,0.908,11.553857
Grenada,2018,0.438164085149765,North America,16964.852,0.788,9.363678
Guatemala,1998,0.4939759969711303,North America,8559.986,0.548,3.7787812
Guatemala,2000,0.5417457222938538,North America,8770.404,0.563,3.9170294
Guatemala,2006,0.5454021692276001,North America,9386.001,0.59,3.65
Guatemala,2014,0.4832651913166046,North America,10553.564,0.65,5.84
Guatemala,2023,0.4521268308162689,North America,12384.948,0.662,5.8473
Guinea,1991,0.4555828869342804,Africa,2075.992,0.287,1.3253013
Guinea,1994,0.4608160853385925,Africa,2134.8977,0.307,1.3637499
Guinea,2002,0.430027037858963,Africa,2498.1318,0.377,1.4714286
Guinea,2007,0.3935534656047821,Africa,2587.005,0.416,1.5392858
Guinea,2012,0.3372970521450043,Africa,2762.9036,0.44,1.725
Guinea,2018,0.2959195375442505,Africa,3455.645,0.479,2.13
Guinea-Bissau,2010,0.5060209035873413,Africa,2164.1335,0.452,2.8608544
Guinea-Bissau,2018,0.3476523160934448,Africa,2373.5015,0.493,3.6285357
Guinea-Bissau,2021,0.3343506753444671,Africa,2522.7676,0.502,3.673035
Guyana,1992,0.3946759104728699,South America,5799.2183,0.507,5.4114504
Guyana,1998,0.4505282938480377,South America,7915.2295,0.557,5.855267
Haiti,2001,0.5899116396903992,North America,3197.0571,0.5,3.8439305
Haiti,2012,0.6045080423355103,North America,3296.2478,0.54,4.92597
Honduras,1990,0.559285581111908,North America,1172.0798,0.516,3.8640766
Honduras,1991,0.5181965231895447,North America,1436.0507,0.519,3.943711
Honduras,1992,0.5180389881134033,North America,1521.9473,0.523,4.0233455
Honduras,1993,0.5344483852386475,North America,1681.0824,0.529,4.1029797
Honduras,1994,0.5499133467674255,North America,2108.2742,0.532,4.1826143
Honduras,1995,0.5546936988830566,North America,2555.0261,0.537,4.2622485
Honduras,1996,0.5569672584533691,North America,3054.1577,0.541,4.3292136
Honduras,1997,0.5272735357284546,North America,3635.9807,0.547,4.396179
Honduras,1998,0.5728847980499268,North America,3950.835,0.529,4.4631443
Honduras,1999,0.5521424412727356,North America,4293.827,0.552,4.5301094
Honduras,2001,0.5535134673118591,North America,4578.9478,0.561,4.66404
Honduras,2002,0.5570878982543945,North America,4627.023,0.564,4.731005
Honduras,2003,0.580780565738678,North America,4714.867,0.568,4.797971
Honduras,2004,0.5809237360954285,North America,4885.343,0.573,4.864936
Honduras,2005,0.5947672724723816,North America,5056.6753,0.578,4.931901
Honduras,2006,0.5752498507499695,North America,5263.1504,0.582,4.9409504
Honduras,2007,0.5581572651863098,North America,5461.9014,0.587,4.95
Honduras,2008,0.5548926591873169,North America,5566.7065,0.592,5.1075
Honduras,2009,0.5128166675567627,North America,5313.756,0.594,5.265
Honduras,2010,0.5308563709259033,North America,5396.0723,0.596,5.4224997
Honduras,2011,0.5255374312400818,North America,5488.4336,0.598,5.58
Honduras,2012,0.533649206161499,North America,5600.608,0.597,5.52
Honduras,2013,0.4995847642421722,North America,5644.134,0.601,5.85
Honduras,2014,0.4987486898899078,North America,5705.1626,0.604,6.18
Honduras,2015,0.4924869835376739,North America,5812.5347,0.61,6.29
Honduras,2016,0.4979712963104248,North America,5926.49,0.616,6.53
Honduras,2017,0.4944456815719604,North America,6099.6074,0.618,6.4100003
Honduras,2018,0.489278495311737,North America,6219.28,0.619,6.29
Honduras,2019,0.4816896915435791,North America,6264.019,0.632,7.09
Honduras,2023,0.4682682752609253,North America,6467.88,0.645,7.510229
Hungary,1991,0.2962293028831482,Europe,18765.416,0.724,9.54909
Hungary,1993,0.2793830335140228,Europe,18113.336,0.729,9.687272
Hungary,1994,0.3328559696674347,Europe,18672.707,0.739,9.756363
Hungary,1999,0.3021984398365021,Europe,21128.889,0.771,10.101818
Hungary,2004,0.298643559217453,Europe,26568.12,0.811,10.6825
Hungary,2005,0.3472095131874084,Europe,27765.79,0.816,10.83
Hungary,2006,0.2829602062702179,Europe,28903.047,0.823,11.075
Hungary,2007,0.278818279504776,Europe,29044.066,0.826,11.32
Hungary,2008,0.2751402556896209,Europe,29384.008,0.833,11.565001
Hungary,2009,0.2695926129817962,Europe,27445.959,0.834,11.81
Hungary,2010,0.2944412231445312,Europe,27801.834,0.838,11.88
Hungary,2011,0.2915791273117065,Europe,28415.117,0.841,11.92
Hungary,2012,0.3080250918865204,Europe,28179.656,0.841,11.84
Hungary,2013,0.315041035413742,Europe,28891.021,0.85,12.01
Hungary,2014,0.3091303706169128,Europe,30264.95,0.848,11.77
Hungary,2015,0.3040709197521209,Europe,31485.568,0.847,11.85
Hungary,2016,0.3032402098178863,Europe,32378.967,0.851,11.89
Hungary,2017,0.3058254420757293,Europe,33828.715,0.853,11.9800005
Iceland,2003,0.2683603763580322,Europe,51173.2,0.925,12.176881
Iceland,2004,0.2798185050487518,Europe,54592.53,0.928,12.323441
Iceland,2005,0.29002445936203,Europe,57512.42,0.935,12.47
Iceland,2006,0.3024500906467438,Europe,59364.29,0.936,12.56
Iceland,2007,0.2947088778018951,Europe,62940.746,0.941,12.650001
Iceland,2008,0.3178927898406982,Europe,62831.17,0.935,12.74
Iceland,2009,0.286562442779541,Europe,57406.47,0.934,12.83
Iceland,2010,0.2617129683494568,Europe,56211.836,0.935,12.92
Iceland,2011,0.268302708864212,Europe,56813.742,0.941,13.01
Iceland,2012,0.2676942348480224,Europe,57173.043,0.946,13.099999
Iceland,2013,0.2540291547775268,Europe,58671.93,0.95,13.19
Iceland,2014,0.2780041694641113,Europe,59133.27,0.954,13.28
Iceland,2015,0.2678797245025635,Europe,60725.727,0.956,13.37
Iceland,2016,0.272411048412323,Europe,63612.555,0.959,13.46
Iceland,2017,0.2613157927989959,Europe,64303.38,0.962,13.549999
Iceland,2018,0.2656500935554504,Europe,65521.93,0.966,13.639999
Iceland,2019,0.2680255770683288,Europe,64826.434,0.969,13.73
India,1993,0.2610981166362762,Asia,2307.6072,0.458,3.090571
India,2004,0.2768206596374511,Asia,3656.1262,0.538,4.4507976
India,2009,0.2782588601112366,Asia,4731.362,0.579,4.956186
India,2011,0.2877688407897949,Asia,5249.5493,0.603,5.3
India,2022,0.2551499605178833,Asia,8594.392,0.676,6.57
Indonesia,1990,0.3106927275657654,Asia,4873.0537,0.531,3.22
Indonesia,1993,0.3175494372844696,Asia,5609.152,0.555,4.039375
Indonesia,1996,0.3421379327774048,Asia,6695.4097,0.585,4.85875
Indonesia,1998,0.3085094094276428,Asia,5897.6855,0.591,5.405
Indonesia,1999,0.3078847527503967,Asia,5855.658,0.595,5.678125
Indonesia,2000,0.3030627369880676,Asia,6056.382,0.6,5.95125
Indonesia,2001,0.3116591274738312,Asia,6190.5195,0.608,6.2243752
Indonesia,2002,0.3016376495361328,Asia,6381.9497,0.617,6.4975
Indonesia,2003,0.2932318747043609,Asia,6599.092,0.625,6.770625
Indonesia,2004,0.3041650652885437,Asia,6843.5464,0.624,7.0437503
Indonesia,2005,0.2990362048149109,Asia,7140.8545,0.638,7.316875
Indonesia,2006,0.3152412176132202,Asia,7434.488,0.646,7.59
Indonesia,2007,0.3323171734809875,Asia,7802.464,0.649,7.02
Indonesia,2008,0.3263291120529175,Asia,8165.0615,0.653,7.07
Indonesia,2009,0.3343270719051361,Asia,8435.456,0.663,7.31
Indonesia,2010,0.3458631038665771,Asia,8848.225,0.67,7.4100003
Indonesia,2011,0.3792591392993927,Asia,9274.97,0.678,7.51
Indonesia,2012,0.3714888095855713,Asia,9708.612,0.686,7.606667
Indonesia,2013,0.3892685174942016,Asia,10121.814,0.69,7.7033334
Indonesia,2014,0.3877997100353241,Asia,10504.387,0.693,7.8
Indonesia,2015,0.3820753395557403,Asia,10893.662,0.701,7.91
Indonesia,2016,0.3688569962978363,Asia,11319.663,0.705,7.98
Indonesia,2017,0.363678902387619,Asia,11772.574,0.712,8.23959
Indonesia,2018,0.3633864521980285,Asia,12262.231,0.715,8.16
Indonesia,2019,0.3535986244678497,Asia,12757.785,0.714,8.360001
Indonesia,2020,0.3533561527729034,Asia,12388.545,0.71,8.56
Indonesia,2021,0.3550476431846618,Asia,12757.074,0.707,8.697224
Indonesia,2022,0.355120301246643,Asia,13334.266,0.726,8.697224
Indonesia,2023,0.3605703115463257,Asia,13889.975,0.728,8.697224
Iran,1990,0.43604776263237,Asia,9656.001,0.626,5.7386885
Iran,1994,0.4299836754798889,Asia,10333.433,0.664,6.870107
Iran,1998,0.4409564137458801,Asia,11101.508,0.695,7.936252
Iran,2005,0.4355864226818084,Asia,13935.774,0.746,9.559948
Iran,2006,0.44752037525177,Asia,14320.657,0.757,9.87
Iran,2009,0.420500248670578,Asia,15055.149,0.771,9.55
Iran,2011,0.3466197550296783,Asia,15947.766,0.787,9.8
Iran,2012,0.3442553877830505,Asia,15159.295,0.795,9.89
Iran,2013,0.3396950960159302,Asia,14734.74,0.794,10.04
Iran,2014,0.3481402099132538,Asia,15262.852,0.795,10.12
Iran,2015,0.3526404500007629,Asia,14841.905,0.788,10.215
Iran,2016,0.3591230809688568,Asia,15920.372,0.791,10.31
Iran,2017,0.3669367730617523,Asia,16167.968,0.793,10.4151745
Iran,2018,0.3741990625858307,Asia,15364.805,0.79,10.521422
Iran,2019,0.3648225367069244,Asia,14841.075,0.787,10.628754
Iran,2020,0.3584293127059936,Asia,15381.585,0.775,10.73718
Iran,2021,0.3546873033046722,Asia,15884.428,0.777,10.846712
Iran,2022,0.3480343818664551,Asia,16377.961,0.793,10.846712
Iran,2023,0.3588479459285736,Asia,17044.816,0.799,10.846712
Iraq,2006,0.2860061228275299,Asia,10568.914,0.611,6.0926347
Iraq,2012,0.2954185605049133,Asia,13357.015,0.664,6.5068493
Iraq,2023,0.2977403998374939,Asia,13202.323,0.695,6.7800465
Ireland,1994,0.3691420555114746,Europe,33092.062,0.805,9.690001
Ireland,1995,0.3704509139060974,Europe,36094.76,0.809,9.83
Ireland,1996,0.3562213480472564,Europe,38452.945,0.816,9.97
Ireland,2000,0.3300520479679107,Europe,53675.004,0.869,10.53
Ireland,2002,0.3229025602340698,Europe,57927.49,0.883,10.81
Ireland,2003,0.3288742005825043,Europe,58709.156,0.891,10.95
Ireland,2004,0.33609539270401,Europe,61558.58,0.899,11.09
Ireland,2005,0.3375394940376282,Europe,63689.086,0.905,11.23
Ireland,2006,0.327275663614273,Europe,65087.18,0.908,11.37
Ireland,2007,0.3194657564163208,Europe,66590.195,0.911,11.35
Ireland,2008,0.3090561628341675,Europe,62320.668,0.907,11.423333
Ireland,2009,0.3268015384674072,Europe,58547.266,0.907,11.496667
Ireland,2010,0.3229482769966125,Europe,59209.1,0.915,11.57
Ireland,2011,0.3287218809127807,Europe,59899.918,0.909,11.0
Ireland,2012,0.332200139760971,Europe,59405.047,0.911,11.071667
Ireland,2013,0.334856778383255,Europe,60388.94,0.915,11.143333
Ireland,2014,0.3187445402145386,Europe,65575.805,0.921,11.215
Ireland,2015,0.3182036876678467,Europe,80954.664,0.931,11.286667
Ireland,2016,0.3280714452266693,Europe,80899.02,0.936,11.358334
Ireland,2017,0.3135872185230255,Europe,87882.71,0.941,11.43
Ireland,2018,0.3060292601585388,Europe,93276.016,0.944,11.503047
Ireland,2019,0.3025754988193512,Europe,96371.29,0.947,11.57656
Ireland,2020,0.2922815084457397,Europe,101968.555,0.948,11.650543
Ireland,2021,0.293718546628952,Europe,116903.61,0.946,11.724999
Ireland,2022,0.2991203069686889,Europe,123219.08,0.947,11.724999
Ireland,2023,0.2897247076034546,Europe,117862.125,0.949,11.724999
Israel,1992,0.355072557926178,Asia,26752.4,0.794,10.032255
Israel,1997,0.3809710741043091,Asia,30707.006,0.824,10.3751
Israel,2001,0.3894766271114349,Asia,32590.229,0.841,10.635375
Israel,2002,0.3955942392349243,Asia,31897.584,0.846,10.68025
Israel,2003,0.4072256982326507,Asia,31780.78,0.847,10.725125
Israel,2004,0.4145630002021789,Asia,32675.209,0.85,10.77
Israel,2005,0.4226762354373932,Asia,33512.89,0.858,11.275001
Israel,2006,0.4155532121658325,Asia,34770.027,0.867,11.78
Israel,2007,0.4109863340854645,Asia,36317.85,0.878,12.38
Israel,2008,0.416426807641983,Asia,36827.926,0.878,12.42
Israel,2009,0.4263395071029663,Asia,36403.164,0.884,12.46
Israel,2010,0.4255946576595306,Asia,37722.41,0.889,12.5
Israel,2011,0.4144416451454162,Asia,39075.375,0.892,12.6
Israel,2012,0.4130220413208008,Asia,39299.35,0.893,12.69
Israel,2013,0.3987052738666534,Asia,40148.777,0.899,12.8
Israel,2014,0.3975749015808105,Asia,40872.582,0.902,12.92
Israel,2015,0.3971953094005584,Asia,40967.37,0.902,12.96
Israel,2016,0.3901301622390747,Asia,41963.676,0.905,13.054043
Israel,2017,0.3820206522941589,Asia,42947.06,0.908,13.148768
Israel,2018,0.3857717514038086,Asia,43814.297,0.911,13.244182
Israel,2019,0.382822185754776,Asia,44580.81,0.913,13.340287
Israel,2020,0.3777355849742889,Asia,42915.94,0.912,13.43709
Israel,2021,0.3789384961128235,Asia,46162.082,0.918,13.534595
Italy,1991,0.3104997277259826,Europe,43283.02,0.792,7.568689
Italy,1993,0.3508643805980682,Europe,43216.11,0.806,7.8298893
Italy,1995,0.352108746767044,Europe,45410.14,0.823,8.091089
Italy,1998,0.3665250241756439,Europe,47701.4,0.84,8.489012
Italy,2000,0.3524496257305145,Europe,50353.42,0.849,8.754293
Italy,2002,0.3469586074352264,Europe,51369.113,0.862,8.9475
Italy,2003,0.34928759932518,Europe,51126.258,0.866,9.055
Italy,2004,0.3429309129714966,Europe,51495.004,0.874,9.1625
Italy,2005,0.3383101522922516,Europe,51585.645,0.876,9.27
Italy,2006,0.3369481265544891,Europe,52304.242,0.881,9.39
Italy,2007,0.3288832306861877,Europe,52747.19,0.885,9.53
Italy,2008,0.3376778662204742,Europe,51806.39,0.885,9.65
Italy,2009,0.3383304476737976,Europe,48774.39,0.884,9.73
Italy,2010,0.3471685647964477,Europe,49301.695,0.887,9.82
Italy,2011,0.3505309522151947,Europe,49473.016,0.89,9.9
Italy,2012,0.3515157401561737,Europe,47795.957,0.887,10.02
Italy,2013,0.3490581214427948,Europe,46833.363,0.887,10.12
Italy,2014,0.3465250134468078,Europe,46825.652,0.89,10.22
Italy,2015,0.3539020419120788,Europe,47311.824,0.889,10.31
Italy,2016,0.3523975908756256,Europe,47987.84,0.894,10.396
Italy,2017,0.3592233657836914,Europe,48849.22,0.897,10.482
Italy,2018,0.3521744310855865,Europe,49133.145,0.902,10.568
Italy,2019,0.3458367586135864,Europe,49690.63,0.906,10.654
Italy,2020,0.3524098098278045,Europe,45505.07,0.899,10.74
Italy,2021,0.3484465181827545,Europe,49825.395,0.908,10.828128
Italy,2022,0.3365152776241302,Europe,52333.33,0.905,10.828128
Italy,2023,0.3434462249279022,Europe,52870.324,0.915,10.828128
Jamaica,1990,0.4111373424530029,North America,8879.653,0.662,6.687517
Jamaica,1993,0.3567342162132263,North America,10088.232,0.664,6.937
Jamaica,1996,0.4039490222930908,North America,10147.464,0.664,7.1875
Jamaica,1999,0.4407847225666046,North America,9650.4375,0.662,7.4379997
Jamaica,2002,0.483156681060791,North America,9869.713,0.672,7.6885
Jamaica,2004,0.4545747339725494,North America,10244.207,0.684,7.8554997
Jamaica,2018,0.3533338606357574,North America,10636.093,0.715,9.407215
Jamaica,2021,0.3987447321414947,North America,10430.691,0.703,9.821736
Japan,2008,0.3459921181201935,Asia,41645.57,0.905,12.441
Japan,2009,0.3297948241233825,Asia,39279.5,0.905,12.485499
Japan,2010,0.3149226009845733,Asia,40881.797,0.907,12.53
Japan,2011,0.3297563195228576,Asia,40967.344,0.906,12.544
Japan,2012,0.325348824262619,Asia,41596.92,0.909,12.558
Japan,2013,0.3153354525566101,Asia,42492.242,0.912,12.572
Japan,2014,0.3127795457839966,Asia,42674.7,0.914,12.5859995
Japan,2015,0.3070093095302582,Asia,43386.71,0.917,12.599999
Japan,2016,0.3184059262275696,Asia,43736.13,0.918,12.614
Japan,2017,0.3179273605346679,Asia,44505.277,0.92,12.628
Japan,2018,0.3289495408535003,Asia,44848.49,0.921,12.642
Japan,2019,0.329849362373352,Asia,44730.91,0.922,12.656
Japan,2020,0.3233927488327026,Asia,42992.48,0.922,12.67
Jordan,1992,0.4309958219528198,Asia,7737.969,0.638,5.561623
Jordan,1997,0.3642052710056305,Asia,7775.5425,0.661,6.7818627
Jordan,2002,0.3695461750030517,Asia,8638.08,0.686,7.65319
Jordan,2006,0.338562548160553,Asia,9977.759,0.719,8.832001
Jordan,2008,0.3257344961166382,Asia,10641.59,0.733,9.52
Jordan,2010,0.3365572988986969,Asia,10953.538,0.732,9.61
Kazakhstan,1993,0.3266573548316955,Asia,12795.875,0.673,8.183267
Kazakhstan,1996,0.3537830710411072,Asia,10857.436,0.669,8.863497
Kazakhstan,2001,0.3596448600292206,Asia,14612.029,0.707,10.035
Kazakhstan,2002,0.3481113016605377,Asia,15960.874,0.72,10.2825
Kazakhstan,2003,0.3369147777557373,Asia,17344.752,0.732,10.530001
Kazakhstan,2004,0.3183875977993011,Asia,18886.582,0.743,10.7775
Kazakhstan,2005,0.3982597887516022,Asia,20565.53,0.754,11.025001
Kazakhstan,2006,0.3024386465549469,Asia,22574.344,0.765,11.2725
Kazakhstan,2007,0.3008405566215515,Asia,24351.346,0.772,11.52
Kazakhstan,2008,0.2849644422531128,Asia,24895.664,0.771,11.265
Kazakhstan,2009,0.2820886671543121,Asia,24901.354,0.774,11.01
Kazakhstan,2010,0.2795451283454895,Asia,26374.84,0.781,11.174628
Kazakhstan,2011,0.2798384428024292,Asia,27946.16,0.79,11.339257
Kazakhstan,2012,0.2816882133483886,Asia,28881.242,0.799,11.503885
Kazakhstan,2013,0.2706542909145355,Asia,30177.488,0.808,11.668513
Kazakhstan,2014,0.270158588886261,Asia,30986.438,0.813,11.833142
Kazakhstan,2015,0.2680366635322571,Asia,30893.76,0.819,11.99777
Kazakhstan,2016,0.2722532451152801,Asia,30758.322,0.82,12.068514
Kazakhstan,2017,0.2745027542114258,Asia,31524.441,0.824,12.1392565
Kazakhstan,2018,0.277928739786148,Asia,32330.227,0.828,12.21
Kazakhstan,2019,0.2796828150749206,Asia,33298.21,0.834,12.321372
Kazakhstan,2020,0.2868391871452331,Asia,32011.549,0.826,12.433761
Kazakhstan,2021,0.2919153273105621,Asia,32945.85,0.816,12.547174
Kenya,1992,0.5692623853683472,Africa,3946.8408,0.484,4.176403
Kenya,1994,0.4310474395751953,Africa,3833.2236,0.484,4.514807
Kenya,1997,0.449827641248703,Africa,3853.3713,0.493,4.9811444
Kenya,2005,0.4644277095794678,Africa,3844.7356,0.532,6.004611
Kenya,2015,0.4077487885951996,Africa,4679.622,0.583,7.0281444
Kenya,2020,0.36246457695961,Africa,5057.4014,0.6,7.68636
Kenya,2021,0.3870196342468261,Africa,5338.8525,0.608,8.155535
Kenya,2022,0.3774377405643463,Africa,5491.694,0.626,8.62471
Kiribati,2006,0.3697300255298614,Oceania,2264.1616,0.593,8.02717
Kiribati,2019,0.2783270180225372,Oceania,2927.4846,0.635,9.082991
Kyrgyzstan,2000,0.3103501200675964,Asia,3638.4631,0.627,10.347
Kyrgyzstan,2001,0.3016397953033447,Asia,3795.8906,0.634,10.404
Kyrgyzstan,2002,0.3030238747596741,Asia,3760.5325,0.635,10.4609995
Kyrgyzstan,2003,0.2870864570140838,Asia,3982.9272,0.642,10.518
Kyrgyzstan,2004,0.3477343022823334,Asia,4211.5225,0.646,10.575
Kyrgyzstan,2005,0.3256134688854217,Asia,4156.9585,0.648,10.632
Kyrgyzstan,2006,0.3738124072551727,Asia,4240.1704,0.652,10.689
Kyrgyzstan,2007,0.3391182124614715,Asia,4558.713,0.658,10.745999
Kyrgyzstan,2008,0.3145065009593963,Asia,4894.943,0.666,10.8029995
Kyrgyzstan,2009,0.298739492893219,Asia,4969.9614,0.669,10.86
Kyrgyzstan,2010,0.3013380467891693,Asia,4876.4795,0.668,10.959614
Kyrgyzstan,2011,0.2783969938755035,Asia,5092.8516,0.67,11.059229
Kyrgyzstan,2012,0.2735668420791626,Asia,4993.3945,0.679,11.158843
Kyrgyzstan,2013,0.2881463170051574,Asia,5418.5405,0.686,11.258457
Kyrgyzstan,2014,0.2681900262832641,Asia,5513.7544,0.691,11.358072
Kyrgyzstan,2015,0.2899776995182037,Asia,5600.2144,0.695,11.457686
Kyrgyzstan,2016,0.2678067684173584,Asia,5715.0103,0.7,11.557301
Kyrgyzstan,2017,0.2733500897884369,Asia,5861.222,0.704,11.656916
Kyrgyzstan,2018,0.2769030332565307,Asia,5951.8286,0.708,11.75653
Kyrgyzstan,2019,0.2970044910907745,Asia,6087.602,0.708,11.858758
Kyrgyzstan,2020,0.2898927330970764,Asia,5537.7954,0.7,11.961875
Kyrgyzstan,2021,0.2879330515861511,Asia,5736.479,0.704,12.065888
Kyrgyzstan,2022,0.2635252773761749,Asia,6139.778,0.717,12.065888
Kyrgyzstan,2023,0.2718802094459533,Asia,6575.7754,0.72,12.065888
Laos,1992,0.3430977463722229,Asia,2088.02,0.42,3.5747175
Laos,1997,0.3489393889904022,Asia,2589.2075,0.455,4.0321765
Laos,2002,0.3262010812759399,Asia,3143.2234,0.488,4.391609
Laos,2007,0.3536103367805481,Asia,4112.253,0.529,4.7553983
Laos,2012,0.3596354722976684,Asia,5608.9697,0.577,5.1780033
Laos,2018,0.3880243301391601,Asia,7775.086,0.613,5.75963
Latvia,1993,0.2699313163757324,Europe,10255.142,0.692,10.124081
Latvia,1995,0.3097748458385467,Europe,10707.515,0.695,10.768495
Latvia,1996,0.3159076273441314,Europe,11077.862,0.714,10.909005
Latvia,2004,0.3638247847557068,Europe,20574.12,0.809,12.13
Latvia,2005,0.3897305428981781,Europe,23213.354,0.818,12.25
Latvia,2006,0.3559694588184356,Europe,26431.814,0.823,12.3
Latvia,2007,0.374610960483551,Europe,29423.736,0.829,12.17
Latvia,2008,0.3721155822277069,Europe,28726.973,0.837,12.35
Latvia,2009,0.3594563007354736,Europe,24520.68,0.836,12.46
Latvia,2010,0.3503021597862243,Europe,24119.73,0.833,12.56
Latvia,2011,0.3577257096767425,Europe,25308.732,0.84,12.61
Latvia,2012,0.3523600995540619,Europe,27496.545,0.843,12.7
Latvia,2013,0.3549732267856598,Europe,28375.184,0.852,12.81
Latvia,2014,0.351136177778244,Europe,29243.742,0.854,12.86
Latvia,2015,0.3420246839523315,Europe,30599.613,0.859,12.87
Latvia,2016,0.3432884216308594,Europe,31668.516,0.864,12.93
Latvia,2017,0.3557101488113403,Europe,33036.39,0.87,13.055
Latvia,2018,0.3509570658206939,Europe,34729.707,0.875,13.18
Latvia,2019,0.3448910713195801,Europe,35208.195,0.88,13.25
Latvia,2020,0.3570395112037658,Europe,34225.9,0.879,13.329481
Latvia,2021,0.3425582945346832,Europe,36912.01,0.871,13.40944
Latvia,2022,0.3367584645748138,Europe,37718.71,0.881,13.40944
Latvia,2023,0.3397468030452728,Europe,37277.723,0.889,13.40944
Lebanon,2011,0.3183245062828064,Asia,17353.195,0.758,8.887273
Lebanon,2022,0.3528113663196563,Asia,11474.751,0.755,10.37
Lesotho,1994,0.6301149725914001,Africa,1675.5978,0.478,4.444426
Lesotho,2002,0.5119382739067078,Africa,2024.7872,0.455,5.4205055
Lesotho,2017,0.4487761259078979,Africa,2924.681,0.531,7.021283
Liberia,2007,0.3644657731056213,Africa,1422.1002,0.455,3.9773717
Liberia,2014,0.3323788344860077,Africa,1750.1438,0.479,4.5254827
Liberia,2016,0.3526543974876404,Africa,1653.3105,0.485,4.75573
Lithuania,1993,0.331837922334671,Europe,12861.695,0.705,9.680324
Lithuania,2004,0.3701108396053314,Europe,21867.287,0.821,11.685677
Lithuania,2005,0.3529672026634216,Europe,23944.701,0.828,11.87
Lithuania,2006,0.3441445827484131,Europe,26129.34,0.834,12.01
Lithuania,2007,0.3478911221027374,Europe,29370.773,0.839,12.16
Lithuania,2008,0.3572700321674347,Europe,30445.781,0.849,12.3
Lithuania,2009,0.3721846342086792,Europe,26217.545,0.851,12.32
Lithuania,2010,0.3360871374607086,Europe,26887.492,0.854,12.46
Lithuania,2011,0.3248642981052398,Europe,29240.748,0.86,12.57
Lithuania,2012,0.3509230017662048,Europe,30920.33,0.862,12.56
Lithuania,2013,0.3530731797218323,Europe,32474.64,0.865,12.59
Lithuania,2014,0.3767502307891845,Europe,33975.086,0.866,12.8
Lithuania,2015,0.3737030029296875,Europe,35251.297,0.869,12.96
Lithuania,2016,0.3838584125041961,Europe,36618.15,0.875,13.11
Lithuania,2017,0.3728358447551727,Europe,38774.49,0.885,13.19
Lithuania,2018,0.3570533096790313,Europe,41019.79,0.889,13.293333
Lithuania,2019,0.3525134921073913,Europe,43062.324,0.894,13.396667
Lithuania,2020,0.3595664203166961,Europe,43091.797,0.888,13.5
Lithuania,2021,0.3665640950202942,Europe,45873.527,0.887,13.610692
Lithuania,2022,0.3656238913536072,Europe,46651.215,0.888,13.610692
Lithuania,2023,0.3596165180206299,Europe,46159.707,0.895,13.610692
Luxembourg,1990,0.2771663665771484,Europe,81450.57,0.787,8.8193035
Luxembourg,1991,0.2717852890491485,Europe,87313.72,0.796,8.99
Luxembourg,1992,0.273095041513443,Europe,87729.4,0.801,9.164
Luxembourg,1993,0.2704790532588959,Europe,90195.664,0.812,9.337999
Luxembourg,1994,0.2814786732196808,Europe,92375.36,0.82,9.512
Luxembourg,1995,0.2834894955158233,Europe,92391.34,0.824,9.686
Luxembourg,1996,0.2904336750507355,Europe,92416.516,0.832,9.86
Luxembourg,1997,0.2959525883197784,Europe,96211.734,0.837,10.033999
Luxembourg,1998,0.3062281310558319,Europe,101364.67,0.845,10.207999
Luxembourg,1999,0.3004105687141418,Europe,108180.41,0.858,10.382
Luxembourg,2000,0.301029622554779,Europe,114141.586,0.861,10.556
Luxembourg,2001,0.3092632293701172,Europe,116258.43,0.863,10.73
Luxembourg,2002,0.310638964176178,Europe,118757.53,0.868,10.995
Luxembourg,2003,0.3018747270107269,Europe,120396.26,0.87,11.26
Luxembourg,2004,0.3017269670963287,Europe,123720.26,0.878,11.3525
Luxembourg,2005,0.3084080815315246,Europe,124866.86,0.879,11.445
Luxembourg,2006,0.3094812035560608,Europe,130284.97,0.88,11.5375
Luxembourg,2007,0.3113374710083008,Europe,138677.97,0.883,11.63
Luxembourg,2008,0.3256154358386993,Europe,135812.22,0.896,12.22
Luxembourg,2009,0.311969131231308,Europe,129002.24,0.905,12.81
Luxembourg,2010,0.3050437867641449,Europe,131432.06,0.909,12.84
Luxembourg,2011,0.3205409049987793,Europe,129885.37,0.911,12.86
Luxembourg,2012,0.343471497297287,Europe,128895.41,0.914,13.0
Luxembourg,2013,0.3203595876693725,Europe,129945.45,0.919,13.2
Luxembourg,2014,0.3115806877613067,Europe,130247.664,0.924,13.43
Luxembourg,2015,0.3292146921157837,Europe,130097.26,0.913,12.46
Luxembourg,2016,0.3172789514064789,Europe,133661.66,0.916,12.481209
Luxembourg,2017,0.3451529145240783,Europe,132169.83,0.913,12.502417
Luxembourg,2018,0.3536786437034607,Europe,131733.89,0.915,12.523625
Luxembourg,2019,0.3424115478992462,Europe,132724.75,0.916,12.544834
Luxembourg,2020,0.333736389875412,Europe,129865.63,0.916,12.566043
Luxembourg,2021,0.3271903395652771,Europe,136772.44,0.918,12.589372
Luxembourg,2022,0.3409398794174194,Europe,132570.83,0.922,12.589372
Luxembourg,2023,0.3359146416187286,Europe,130048.92,0.922,12.589372
Madagascar,1999,0.3858009278774261,Africa,1681.3594,0.436,3.771086
Madagascar,2001,0.4743513166904449,Africa,1748.5035,0.451,4.0346956
Madagascar,2005,0.3993634581565857,Africa,1648.1763,0.47,4.4758167
Madagascar,2010,0.4241392612457275,Africa,1635.2451,0.493,4.704349
Madagascar,2012,0.426376074552536,Africa,1617.7908,0.496,4.7957616
Madagascar,2021,0.3681921064853668,Africa,1577.4325,0.481,4.59252
Malawi,1997,0.6575523018836975,Africa,1221.094,0.379,2.6467605
Malawi,2004,0.3987215161323547,Africa,1208.2197,0.421,3.6217952
Malawi,2010,0.4547301530838012,Africa,1504.3751,0.475,4.5335903
Malawi,2016,0.446943074464798,Africa,1593.5955,0.506,5.283484
Malawi,2019,0.3854273557662964,Africa,1687.2894,0.513,5.253676
Malaysia,1992,0.4765372276306152,Asia,13567.894,0.67,6.535242
Malaysia,1995,0.4852266311645508,Asia,16568.516,0.691,7.117031
Malaysia,1997,0.4914964735507965,Asia,18604.514,0.713,7.5275
Malaysia,2003,0.4641619324684143,Asia,19329.006,0.737,7.922
Malaysia,2006,0.4475235044956207,Asia,21444.486,0.742,8.0825
Malaysia,2008,0.4547971189022064,Asia,22898.002,0.765,9.0675
Malaysia,2011,0.4394359588623047,Asia,24115.818,0.782,9.8116665
Malaysia,2013,0.4134882688522339,Asia,25736.354,0.791,10.035
Malaysia,2015,0.4106639921665191,Asia,27699.627,0.8,10.258333
Malaysia,2018,0.4117677509784698,Asia,30459.965,0.809,10.556666
Malaysia,2021,0.4066842794418335,Asia,29822.85,0.802,10.943334
Maldives,2002,0.4131202697753906,Asia,13689.807,0.645,3.4783373
Maldives,2009,0.3837276399135589,Asia,16230.009,0.682,4.606794
Maldives,2016,0.3128564655780792,Asia,19345.18,0.732,6.5126457
Maldives,2019,0.292850911617279,Asia,21855.502,0.749,7.1112385
Mali,1994,0.5013055801391602,Africa,2051.755,0.266,0.99439746
Mali,2001,0.3986631035804748,Africa,2458.4617,0.332,1.219544
Mali,2006,0.3892908990383148,Africa,2555.0747,0.377,1.44
Mali,2009,0.330343633890152,Africa,2575.5454,0.403,1.788
Mali,2018,0.359633594751358,Africa,2862.4072,0.421,1.87
Mali,2021,0.356535941362381,Africa,2796.228,0.414,1.63
Malta,2006,0.2801997661590576,Europe,33419.473,0.838,9.82
Malta,2007,0.2920773327350616,Europe,34980.402,0.845,9.86
Malta,2008,0.2899550795555115,Europe,36286.375,0.848,10.01
Malta,2009,0.3024443387985229,Europe,35511.355,0.854,10.16
Malta,2010,0.2902576029300689,Europe,37527.34,0.867,10.31
Malta,2011,0.2914210557937622,Europe,37739.445,0.862,10.47
Malta,2012,0.2936043441295624,Europe,38935.7,0.87,10.8
Malta,2013,0.2884366512298584,Europe,40919.793,0.88,11.03
Malta,2014,0.2902034521102905,Europe,43161.543,0.886,11.13
Malta,2015,0.2943377196788788,Europe,46170.17,0.892,11.21
Malta,2016,0.2908901572227478,Europe,46965.6,0.891,11.29
Malta,2017,0.2923223674297333,Europe,51626.348,0.901,11.565001
Malta,2018,0.2866508662700653,Europe,53417.016,0.908,11.84
Malta,2019,0.3104176521301269,Europe,53391.438,0.91,12.025001
Malta,2020,0.3140377998352051,Europe,50387.82,0.903,12.21
Malta,2021,0.3156505525112152,Europe,56852.32,0.914,12.420702
Malta,2022,0.3458727598190307,Europe,56841.957,0.917,12.420702
Marshall Islands,2019,0.3548294305801391,Oceania,6405.0757,0.722,11.448945
Mauritania,1993,0.4952437579631805,Africa,5439.8223,0.421,2.4983535
Mauritania,1995,0.3774736225605011,Africa,5446.2695,0.439,2.652849
Mauritania,2000,0.3902847468852997,Africa,5008.608,0.468,3.018759
Mauritania,2004,0.4016876220703125,Africa,5139.2256,0.494,3.32775
Mauritania,2008,0.3568537831306457,Africa,5813.356,0.512,3.6611347
Mauritania,2014,0.3261935114860534,Africa,5837.852,0.547,4.213115
Mauritania,2019,0.3199674785137176,Africa,6162.2104,0.566,4.646497
Mauritius,2006,0.3565342128276825,Africa,16061.603,0.729,7.5109096
Mauritius,2012,0.3846539855003357,Africa,20425.707,0.778,8.748794
Mauritius,2017,0.3676120638847351,Africa,24361.875,0.799,9.65789
Mexico,1992,0.5231072306632996,North America,17796.406,0.672,6.092
Mexico,1994,0.5342220664024353,North America,18422.82,0.68,6.2339997
Mexico,1996,0.5197122693061829,North America,17775.873,0.687,6.376
Mexico,1998,0.5328314900398254,North America,19573.066,0.701,6.5179996
Mexico,2000,0.5341742038726807,North America,20470.494,0.712,6.66
Mexico,2002,0.505828857421875,North America,19744.793,0.722,6.975
Mexico,2004,0.5034302473068237,North America,20127.225,0.732,7.29
Mexico,2005,0.5093890428543091,North America,20277.256,0.736,7.49
Mexico,2006,0.4971226453781128,North America,20965.826,0.745,7.87
Mexico,2008,0.5084356069564819,North America,20992.56,0.75,7.95
Mexico,2010,0.4765793085098266,North America,20058.385,0.751,8.01
Mexico,2012,0.4959723353385925,North America,20898.936,0.764,8.49
Mexico,2014,0.4891233742237091,North America,21069.766,0.769,8.4
Mexico,2016,0.4691242277622223,North America,21578.264,0.778,8.6
Mexico,2018,0.4595489203929901,North America,21997.773,0.785,8.93
Mexico,2020,0.4459430575370788,North America,19728.482,0.763,9.22
Mexico,2022,0.4345400631427765,North America,21391.857,0.783,9.349511
Micronesia (country),2005,0.4235579967498779,Oceania,3685.9944,0.601,7.6596785
Micronesia (country),2013,0.400520384311676,Oceania,3680.1064,0.603,7.435005
Moldova,2005,0.3628083765506744,Europe,8161.4736,0.702,10.7884865
Moldova,2006,0.3539981842041015,Europe,8577.028,0.711,11.034244
Moldova,2007,0.3442104160785675,Europe,8854.834,0.718,11.28
Moldova,2008,0.3469244241714477,Europe,9563.698,0.728,11.38
Moldova,2009,0.3291090726852417,Europe,9001.234,0.729,11.48
Moldova,2010,0.3205091953277588,Europe,9649.951,0.739,11.49
Moldova,2011,0.3062857687473297,Europe,10217.309,0.748,11.56
Moldova,2012,0.2915883958339691,Europe,10158.386,0.754,11.7
Moldova,2013,0.2853415906429291,Europe,11080.063,0.758,11.63
Moldova,2014,0.268338531255722,Europe,11641.121,0.762,11.7
Moldova,2015,0.270281583070755,Europe,11691.08,0.759,11.7
Moldova,2016,0.263453871011734,Europe,12377.366,0.763,11.726666
Moldova,2017,0.2589924335479736,Europe,13118.822,0.769,11.753333
Moldova,2018,0.256616473197937,Europe,13895.504,0.772,11.78
Moldova,2019,0.2601664662361145,Europe,14621.24,0.775,11.76
Moldova,2020,0.2504570484161377,Europe,13559.26,0.77,11.8
Moldova,2021,0.257316380739212,Europe,15682.07,0.773,11.82
Moldova,2022,0.2586444616317749,Europe,15358.016,0.784,11.83
Moldova,2023,0.2676475346088409,Europe,15990.4795,0.785,11.83
Mongolia,1995,0.3319534063339233,Asia,5457.685,0.572,8.620562
Mongolia,1998,0.3027196228504181,Asia,5735.8438,0.594,8.872225
Mongolia,2002,0.3289294838905334,Asia,6117.9824,0.631,9.24
Mongolia,2007,0.3582186996936798,Asia,8750.134,0.696,9.74
Mongolia,2010,0.3308121263980865,Asia,9507.119,0.714,10.04
Mongolia,2011,0.338835060596466,Asia,10960.096,0.725,10.148006
Mongolia,2012,0.3375161588191986,Asia,12078.919,0.735,10.256013
Mongolia,2014,0.3203778862953186,Asia,13943.428,0.748,10.472025
Mongolia,2016,0.3234573304653168,Asia,13898.1455,0.759,10.688038
Mongolia,2018,0.3274098932743072,Asia,15230.241,0.767,10.90405
Mongolia,2022,0.3141647577285766,Asia,15310.435,0.742,9.42
Montenegro,2012,0.4120616912841797,Europe,19576.494,0.825,11.427165
Montenegro,2013,0.3902172744274139,Europe,20201.375,0.83,11.574331
Montenegro,2014,0.3876928687095642,Europe,20641.85,0.833,11.721497
Montenegro,2015,0.390050321817398,Europe,21131.928,0.839,11.868663
Montenegro,2016,0.3846650123596191,Europe,21834.182,0.836,12.015828
Montenegro,2017,0.3688092231750488,Europe,22513.875,0.843,12.162994
Montenegro,2018,0.3680895864963531,Europe,23562.273,0.849,12.31016
Montenegro,2019,0.3566539585590362,Europe,24585.219,0.851,12.462847
Montenegro,2020,0.3541229665279388,Europe,20904.688,0.841,12.617428
Montenegro,2021,0.3429697453975677,Europe,23690.078,0.84,12.773926
Morocco,1990,0.3920690417289734,Africa,4418.66,0.451,2.11
Morocco,1998,0.3935391306877136,Africa,5033.9233,0.507,3.02
Morocco,2000,0.4063694179058075,Africa,5100.1157,0.528,3.26
Morocco,2006,0.4071830213069916,Africa,6488.674,0.579,3.88
Morocco,2013,0.3954850733280182,Africa,7839.032,0.639,4.924
Mozambique,1996,0.5326277613639832,Africa,562.8575,0.269,1.5844151
Mozambique,2002,0.4694815576076507,Africa,842.64526,0.335,1.9082372
Mozambique,2008,0.4548299908638,Africa,1141.9425,0.403,2.2898846
Mozambique,2014,0.5395342707633972,Africa,1449.9293,0.45,3.0475
Mozambique,2019,0.5073723196983337,Africa,1528.8899,0.475,3.5933332
Mozambique,2022,0.4955713450908661,Africa,1476.6656,0.49,4.59049
Myanmar,2015,0.3806850910186767,Asia,5313.886,0.566,4.734194
Myanmar,2017,0.3069686889648437,Asia,5877.8745,0.587,5.3595667
Namibia,1993,0.710505485534668,Africa,7541.561,0.601,5.728
Namibia,2003,0.6331697106361389,Africa,8237.366,0.558,5.9604826
Namibia,2009,0.6096469759941101,Africa,10166.29,0.585,6.3431716
Namibia,2015,0.5906661152839661,Africa,12166.565,0.63,6.985101
Nauru,2012,0.3236157894134521,Oceania,9639.566,0.633,8.223886
Nepal,1995,0.3520701825618744,Asia,2043.6052,0.438,2.7361565
Nepal,2003,0.4376810491085052,Asia,2439.4949,0.486,3.104
Nepal,2010,0.3284058570861816,Asia,3085.314,0.551,3.468
Nepal,2022,0.3002026379108429,Asia,4763.3877,0.605,4.50373
Netherlands,1990,0.3108676373958587,Europe,43128.312,0.855,11.102787
Netherlands,1993,0.3043155074119568,Europe,44490.758,0.863,11.289623
Netherlands,1999,0.2806339561939239,Europe,54134.363,0.894,11.714836
Netherlands,2004,0.2980000972747803,Europe,57391.363,0.904,11.79
Netherlands,2005,0.2904823124408722,Europe,58422.01,0.907,11.79
Netherlands,2006,0.3004332780838012,Europe,60391.543,0.914,11.89
Netherlands,2007,0.2959277927875519,Europe,62601.62,0.92,11.99
Netherlands,2008,0.2929801344871521,Europe,63678.402,0.92,11.91
Netherlands,2009,0.2788199782371521,Europe,61029.73,0.92,11.94
Netherlands,2010,0.2784523963928222,Europe,61518.555,0.925,11.98
Netherlands,2011,0.2775008678436279,Europe,62318.14,0.935,11.96
Netherlands,2012,0.27620929479599,Europe,61480.812,0.935,12.02
Netherlands,2013,0.2810648083686828,Europe,61281.29,0.937,12.07
Netherlands,2014,0.2863141894340515,Europe,62045.855,0.939,12.09
Netherlands,2015,0.2824158072471618,Europe,63081.395,0.94,12.14
Netherlands,2016,0.2817356884479522,Europe,64267.74,0.941,12.18
Netherlands,2017,0.2853580713272095,Europe,65666.0,0.945,12.25
Netherlands,2018,0.2812103927135467,Europe,66758.266,0.947,12.32
Netherlands,2019,0.2924832701683044,Europe,67847.85,0.95,12.45
Netherlands,2020,0.2599421143531799,Europe,64862.19,0.945,12.58
Netherlands,2021,0.2574386894702911,Europe,68573.56,0.951,12.669947
Nicaragua,1993,0.5712127685546875,North America,3934.0928,0.534,5.895623
Nicaragua,1998,0.5437584519386292,North America,4502.598,0.569,6.5698714
Nicaragua,2001,0.5287476778030396,North America,4958.3276,0.601,6.952844
Nicaragua,2005,0.4882003664970398,North America,5356.9585,0.63,7.362787
Nicaragua,2009,0.4394162595272064,North America,5538.3657,0.646,7.945337
Nicaragua,2014,0.4615629315376282,North America,6712.2173,0.674,8.824556
Niger,1992,0.3604249060153961,Africa,1347.3323,0.222,0.8083912
Niger,1994,0.4146048724651336,Africa,1291.6816,0.233,0.8885972
Niger,2005,0.4438731670379638,Africa,1233.8755,0.302,1.3719434
Niger,2007,0.3730420470237732,Africa,1252.7483,0.313,1.4352639
Niger,2011,0.3145171403884887,Africa,1318.1013,0.346,1.5851222
Niger,2014,0.342765748500824,Africa,1462.8213,0.369,1.5086367
Niger,2018,0.3725942373275757,Africa,1574.3384,0.391,1.24591
Niger,2021,0.3286256492137909,Africa,1585.5992,0.413,1.4122894
Nigeria,1992,0.4492224752902984,Africa,5403.1533,0.388,3.1043527
Nigeria,1996,0.518993616104126,Africa,4869.8213,0.408,3.8091872
Nigeria,2003,0.4006081819534302,Africa,5905.315,0.464,5.042648
Nigeria,2010,0.3565020859241485,Africa,7962.6396,0.502,6.2328315
Nigeria,2012,0.3551300764083862,Africa,8265.905,0.512,6.3090134
Nigeria,2015,0.3587977886199951,Africa,8892.058,0.53,6.779108
Nigeria,2018,0.3512774407863617,Africa,8362.623,0.537,6.91902
Nigeria,2022,0.3389486968517303,Africa,7752.262,0.557,7.58597
North Macedonia,2009,0.4276077151298523,Europe,16084.295,0.757,9.117372
North Macedonia,2010,0.4006554782390594,Europe,16731.16,0.765,9.40271
North Macedonia,2011,0.3936067521572113,Europe,17201.307,0.771,9.688048
North Macedonia,2012,0.3813239634037018,Europe,17190.066,0.775,9.973388
North Macedonia,2013,0.3623913824558258,Europe,17758.3,0.782,10.258726
North Macedonia,2014,0.3520165979862213,Europe,18452.283,0.788,10.544065
North Macedonia,2015,0.3559069335460663,Europe,19215.154,0.795,10.829404
North Macedonia,2016,0.3453451991081238,Europe,19825.855,0.8,11.114742
North Macedonia,2017,0.3419890701770782,Europe,20121.135,0.807,11.400082
North Macedonia,2018,0.3296046853065491,Europe,20806.008,0.814,11.68542
North Macedonia,2019,0.3350583016872406,Europe,21766.975,0.805,10.95771
Norway,1991,0.2522628605365753,Europe,58588.47,0.863,11.747143
Norway,1995,0.2601963579654693,Europe,66762.16,0.887,11.895714
Norway,2000,0.2735878527164459,Europe,77587.21,0.924,12.081429
Norway,2003,0.2762690186500549,Europe,79728.78,0.93,12.192857
Norway,2004,0.3157806992530823,Europe,82440.95,0.937,12.23
Norway,2005,0.3059702813625335,Europe,84080.0,0.939,12.28
Norway,2006,0.2635383903980255,Europe,85458.55,0.942,12.37
Norway,2007,0.2709064781665802,Europe,87043.5,0.943,12.41
Norway,2008,0.2699634432792663,Europe,86379.664,0.943,12.48
Norway,2009,0.2615822851657867,Europe,83642.07,0.944,12.5
Norway,2010,0.2572370767593384,Europe,83256.79,0.947,12.55
Norway,2011,0.2530016899108886,Europe,83092.44,0.949,12.61
Norway,2012,0.2572599649429321,Europe,84237.15,0.95,12.643333
Norway,2013,0.2636111080646515,Europe,84070.46,0.953,12.676666
Norway,2014,0.2675256133079529,Europe,84830.26,0.956,12.71
Norway,2015,0.2749675512313843,Europe,85550.3,0.959,12.77
Norway,2016,0.2849334180355072,Europe,85787.62,0.962,12.82
Norway,2017,0.2698674499988556,Europe,87194.11,0.965,12.95
Norway,2018,0.2756024301052093,Europe,87338.47,0.966,12.974999
Norway,2019,0.2774184346199035,Europe,87725.73,0.967,13.0
Norway,2020,0.2839288413524627,Europe,86096.055,0.969,13.058847
Norway,2021,0.2908912599086761,Europe,88984.14,0.969,13.117962
Norway,2022,0.269462525844574,Europe,91051.086,0.967,13.117962
Norway,2023,0.2653081119060516,Europe,90085.44,0.97,13.117962
Pakistan,1990,0.3324797451496124,Asia,3199.7297,0.396,2.3164964
Pakistan,1996,0.2866498827934265,Asia,3526.1416,0.42,2.9159405
Pakistan,1998,0.3312329351902008,Asia,3454.1768,0.426,3.119142
Pakistan,2001,0.2865301966667175,Asia,3559.7278,0.443,3.5743132
Pakistan,2004,0.3088610768318176,Asia,3859.646,0.472,4.3302226
Pakistan,2005,0.3126125335693359,Asia,4042.1545,0.48,4.5821924
Pakistan,2007,0.2966950237751007,Asia,4257.926,0.495,4.55
Pakistan,2010,0.2878086268901825,Asia,4228.7817,0.5,4.65
Pakistan,2011,0.2969795763492584,Asia,4246.067,0.504,4.79
Pakistan,2013,0.2952857315540313,Asia,4407.147,0.512,4.96
Pakistan,2015,0.3129126727581024,Asia,4645.286,0.527,5.1466665
Pakistan,2018,0.2958926558494568,Asia,5255.0635,0.538,4.77032
Palestine,2004,0.3404465913772583,Asia,4503.0806,0.654,7.53
Palestine,2005,0.3474262356758117,Asia,4885.0728,0.663,7.6349998
Palestine,2006,0.3395928144454956,Asia,4714.3735,0.664,7.74
Palestine,2007,0.3560607731342315,Asia,4769.5234,0.674,7.91
Palestine,2009,0.3446397483348846,Asia,5270.663,0.685,8.31
Palestine,2010,0.3529443144798279,Asia,5432.2437,0.691,8.36
Palestine,2011,0.3441523611545563,Asia,5805.3213,0.698,8.58
Palestine,2016,0.3369004130363464,Asia,6464.1333,0.717,9.16
Palestine,2023,0.3638187646865845,Asia,5361.131,0.674,10.13
Panama,1991,0.5797843933105469,North America,10994.55,0.674,7.457
Panama,1995,0.5762895345687866,North America,12086.644,0.69,7.645
Panama,1997,0.5811877250671387,North America,13013.891,0.701,7.739
Panama,1998,0.5733296275138855,North America,13826.532,0.707,7.7860003
Panama,1999,0.5632699728012085,North America,14261.741,0.712,7.833
Panama,2000,0.565790593624115,North America,14572.976,0.718,7.88
Panama,2001,0.5669551491737366,North America,14427.83,0.723,8.02
Panama,2002,0.5608869791030884,North America,14507.144,0.73,8.16
Panama,2003,0.5564636588096619,North America,14957.554,0.735,8.3
Panama,2004,0.5477020740509033,North America,15875.112,0.741,8.44
Panama,2005,0.5379738211631775,North America,16867.96,0.746,8.58
Panama,2006,0.5463358759880066,North America,18190.273,0.753,8.72
Panama,2007,0.5268421769142151,North America,20208.822,0.763,8.86
Panama,2008,0.5269296169281006,North America,21867.818,0.767,9.0
Panama,2009,0.5177022218704224,North America,21822.988,0.77,9.139999
Panama,2010,0.5160857439041138,North America,22739.111,0.775,9.28
Panama,2011,0.5134671926498413,North America,24999.46,0.781,9.42
Panama,2012,0.5173878073692322,North America,26926.885,0.798,9.559999
Panama,2013,0.5145573616027832,North America,28135.328,0.799,9.7
Panama,2014,0.5046523809432983,North America,28931.805,0.798,9.84
Panama,2015,0.5080543160438538,North America,29933.156,0.803,9.98
Panama,2016,0.5040669441223145,North America,30765.236,0.81,10.12
Panama,2017,0.4988425076007843,North America,31979.812,0.815,10.26
Panama,2018,0.4921132326126098,North America,32681.447,0.82,10.4
Panama,2019,0.4983735978603363,North America,33163.727,0.824,10.54
Panama,2021,0.5085777640342712,North America,30932.764,0.819,10.833751
Panama,2023,0.4887566566467285,North America,35872.95,0.839,10.833751
Papua New Guinea,1996,0.4576526284217834,Oceania,4167.036,0.448,3.0840356
Papua New Guinea,2009,0.4185040891170501,Oceania,3349.6436,0.495,3.9943833
Paraguay,1990,0.408372163772583,South America,9962.48,0.607,5.744568
Paraguay,1995,0.5813904404640198,South America,10908.272,0.637,6.2663636
Paraguay,1997,0.5488789081573486,South America,11033.016,0.653,6.4772725
Paraguay,1999,0.545707643032074,South America,10435.398,0.664,6.688182
Paraguay,2001,0.5462630987167358,South America,9749.259,0.671,6.899091
Paraguay,2002,0.5727429986000061,South America,9610.748,0.679,7.0045457
Paraguay,2003,0.5493751168251038,South America,9903.45,0.673,7.11
Paraguay,2004,0.5226007103919983,South America,10187.194,0.681,7.23
Paraguay,2005,0.5138111710548401,South America,10290.101,0.683,7.35
Paraguay,2006,0.5299407839775085,South America,10672.993,0.684,7.07
Paraguay,2007,0.5304040908813477,South America,11141.87,0.69,7.15
Paraguay,2008,0.5070464611053467,South America,11751.14,0.7,7.39
Paraguay,2009,0.4914507865905761,South America,11601.285,0.7,7.03
Paraguay,2010,0.5098243951797485,South America,12738.576,0.709,7.28
Paraguay,2011,0.5230962634086609,South America,13109.467,0.715,7.53
Paraguay,2012,0.4763356447219848,South America,12834.802,0.719,7.78
Paraguay,2013,0.4793535768985748,South America,13700.703,0.73,8.29
Paraguay,2014,0.5070264339447021,South America,14219.3545,0.733,8.25
Paraguay,2015,0.4760573208332062,South America,14427.601,0.737,8.52
Paraguay,2016,0.4789971709251404,South America,14826.664,0.737,8.35
Paraguay,2017,0.4854749143123626,South America,15320.337,0.74,8.47
Paraguay,2018,0.4595510065555572,South America,15592.984,0.744,8.59
Paraguay,2019,0.4565063714981079,South America,15321.324,0.747,8.81
Paraguay,2020,0.4348194301128387,South America,14991.66,0.742,8.86
Paraguay,2021,0.4290512204170227,South America,15406.167,0.723,8.930654
Paraguay,2022,0.4459167122840881,South America,15259.1455,0.747,8.930654
Paraguay,2023,0.4417574405670166,South America,15826.088,0.756,8.930654
Peru,1997,0.5325629115104675,South America,7773.827,0.663,8.186363
Peru,1998,0.5511713624000549,South America,7603.809,0.671,8.245455
Peru,1999,0.5482069253921509,South America,7585.328,0.68,8.304545
Peru,2000,0.4907185435295105,South America,7669.095,0.682,8.363637
Peru,2001,0.5130155086517334,South America,7611.6665,0.69,8.422728
Peru,2002,0.5356355309486389,South America,7931.5796,0.69,8.481818
Peru,2003,0.5307956337928772,South America,8174.3794,0.689,8.54091
Peru,2004,0.4987955689430237,South America,8495.986,0.694,8.6
Peru,2005,0.5044900178909302,South America,8949.954,0.691,7.92
Peru,2006,0.5033209323883057,South America,9547.913,0.697,7.93
Peru,2007,0.5002136826515198,South America,10286.3545,0.708,8.19
Peru,2008,0.474863737821579,South America,11151.53,0.714,8.19
Peru,2009,0.4700601100921631,South America,11204.377,0.717,8.22
Peru,2010,0.4553765058517456,South America,12059.018,0.731,8.87
Peru,2011,0.4465974271297455,South America,12726.6,0.738,8.89
Peru,2012,0.4444001615047455,South America,13395.399,0.748,9.08
Peru,2013,0.4388271570205688,South America,14052.138,0.757,9.14
Peru,2014,0.4313880801200866,South America,14244.566,0.763,9.15
Peru,2015,0.4335605502128601,South America,14542.793,0.768,9.09
Peru,2016,0.4363897144794464,South America,14917.449,0.775,9.3133335
Peru,2017,0.4329266548156738,South America,15069.522,0.775,9.536667
Peru,2018,0.4236555993556976,South America,15386.26,0.78,9.76
Peru,2019,0.4152811765670776,South America,15463.543,0.784,9.889816
Peru,2020,0.4373981058597564,South America,13609.6,0.769,10.021359
Peru,2021,0.4012180268764496,South America,15280.551,0.764,10.154652
Peru,2022,0.4034915864467621,South America,15559.821,0.79,10.154652
Peru,2023,0.40657839179039,South America,15327.582,0.794,10.154652
Philippines,1991,0.4382354915142059,Asia,4378.3955,0.594,7.219
Philippines,1994,0.4288838803768158,Asia,4374.0674,0.606,7.336
Philippines,1997,0.4596220850944519,Asia,4758.7085,0.623,7.453
Philippines,2000,0.4279947280883789,Asia,4740.439,0.632,7.57
Philippines,2003,0.414946585893631,Asia,5003.3833,0.648,8.3725
Philippines,2006,0.4285883903503418,Asia,5578.5723,0.654,8.675
Philippines,2009,0.4176033735275268,Asia,5965.307,0.662,8.81
Philippines,2012,0.4222432971000671,Asia,6697.556,0.681,9.07
Philippines,2015,0.4035149812698364,Asia,7691.763,0.69,8.665
Philippines,2018,0.3781170547008514,Asia,9016.286,0.7,8.575
Philippines,2021,0.3726846575736999,Asia,8857.79,0.69,9.4336195
Philippines,2023,0.3520348668098449,Asia,9898.533,0.72,9.97724
Poland,1992,0.2929856181144714,Europe,12141.235,0.724,10.043027
Poland,1995,0.345999002456665,Europe,14227.566,0.754,10.606248
Poland,1999,0.322562038898468,Europe,17556.002,0.793,11.11552
Poland,2004,0.3802178204059601,Europe,20878.654,0.82,11.69
Poland,2005,0.3580838441848755,Europe,21568.947,0.826,11.809999
Poland,2006,0.3466754555702209,Europe,22921.197,0.831,11.93
Poland,2007,0.3400128483772278,Europe,24484.066,0.836,12.05
Poland,2008,0.3348563313484192,Europe,25553.906,0.841,12.17
Poland,2009,0.3335572183132171,Europe,26204.41,0.846,12.34
Poland,2010,0.3321481049060821,Europe,27112.133,0.852,12.31
Poland,2011,0.3318064510822296,Europe,28521.662,0.858,12.55
Poland,2012,0.3302015960216522,Europe,28952.916,0.863,12.78
Poland,2013,0.3313732147216797,Europe,29168.625,0.873,12.78
Poland,2014,0.3282444477081299,Europe,30334.879,0.873,12.84
Poland,2015,0.317509114742279,Europe,31700.37,0.879,12.92
Poland,2016,0.3118916749954223,Europe,32675.305,0.884,13.0
Poland,2017,0.296852707862854,Europe,34354.598,0.882,13.04
Poland,2018,0.3021489977836609,Europe,36500.41,0.884,13.08
Poland,2019,0.2876017689704895,Europe,38181.62,0.887,13.12
Poland,2020,0.2846260070800781,Europe,37852.8,0.88,13.16
Poland,2021,0.2847950458526611,Europe,41059.586,0.884,13.208543
Poland,2022,0.2885818481445312,Europe,43405.023,0.902,13.208543
Poland,2023,0.2846678793430328,Europe,43672.766,0.906,13.208543
Portugal,2003,0.3877500593662262,Europe,35115.38,0.808,7.15
Portugal,2004,0.3893877565860748,Europe,35658.13,0.809,7.39
Portugal,2005,0.3848007321357727,Europe,35870.31,0.81,7.49
Portugal,2006,0.3806078135967254,Europe,36387.535,0.815,7.62
Portugal,2007,0.367501825094223,Europe,37226.47,0.821,7.67
Portugal,2008,0.3663415014743805,Europe,37291.504,0.826,7.78
Portugal,2009,0.3490741550922394,Europe,36092.812,0.831,7.93
Portugal,2010,0.358446717262268,Europe,36703.113,0.836,8.06
Portugal,2011,0.3634467720985412,Europe,36127.297,0.843,8.28
Portugal,2012,0.3603479266166687,Europe,34804.633,0.844,8.5
Portugal,2013,0.3618710339069366,Europe,34651.773,0.849,8.66
Portugal,2014,0.355621725320816,Europe,35097.41,0.854,8.87
Portugal,2015,0.3552330136299133,Europe,35803.36,0.857,8.99
Portugal,2016,0.3519051969051361,Europe,36636.297,0.859,9.11
Portugal,2017,0.3380384147167206,Europe,37943.113,0.864,9.22
Portugal,2018,0.3349256217479706,Europe,39123.613,0.866,9.14
Portugal,2019,0.3276274800300598,Europe,40188.285,0.872,9.33
Portugal,2020,0.34668630361557,Europe,36852.23,0.87,9.58
Portugal,2021,0.3459201753139496,Europe,38657.668,0.876,9.703255
Portugal,2022,0.3625220358371734,Europe,41070.86,0.883,9.703255
Portugal,2023,0.3385156691074371,Europe,41768.254,0.89,9.703255
Qatar,2017,0.351283848285675,Asia,115064.836,0.87,9.73
Romania,1992,0.2546172738075256,Europe,13195.097,0.694,8.69
Romania,1994,0.2820058166980743,Europe,13962.832,0.695,8.888
Romania,1995,0.3115802705287933,Europe,14863.247,0.701,8.9869995
Romania,1997,0.3050442636013031,Europe,14780.059,0.709,9.185
Romania,2006,0.396408200263977,Europe,22354.656,0.781,10.408
Romania,2007,0.375477135181427,Europe,24328.494,0.792,10.59
Romania,2008,0.3642873466014862,Europe,27039.713,0.815,10.67
Romania,2009,0.3556433618068695,Europe,25761.738,0.826,10.7
Romania,2010,0.3547110557556152,Europe,24903.008,0.822,10.73
Romania,2011,0.3586669266223907,Europe,26150.855,0.823,10.86
Romania,2012,0.3654547035694122,Europe,26767.566,0.817,10.96
Romania,2013,0.3691512048244476,Europe,26942.043,0.821,11.02
Romania,2014,0.3600910604000091,Europe,28156.248,0.82,10.86
Romania,2015,0.3591363131999969,Europe,29182.0,0.823,10.98
Romania,2016,0.3440666794776916,Europe,30189.273,0.823,11.08
Romania,2017,0.360126256942749,Europe,32852.773,0.828,11.15
Romania,2018,0.3575841188430786,Europe,34829.04,0.833,11.215
Romania,2019,0.3480053842067718,Europe,36399.625,0.838,11.28
Romania,2020,0.345702052116394,Europe,35283.754,0.832,11.39
Romania,2021,0.3385264873504638,Europe,37534.156,0.829,11.46
Romania,2022,0.3230303525924682,Europe,39256.99,0.84,11.55
Romania,2023,0.2982894480228424,Europe,40116.855,0.845,11.55
Russia,1993,0.4538547694683075,Europe,21899.518,0.725,10.218979
Russia,1996,0.4609862864017486,Europe,17699.87,0.723,10.888543
Russia,1997,0.3840920031070709,Europe,17977.352,0.734,11.181071
Russia,1998,0.3813700377941131,Europe,17052.756,0.738,11.473599
Russia,1999,0.3744338750839233,Europe,18200.32,0.74,11.766128
Russia,2000,0.3709274232387543,Europe,20104.75,0.75,12.058656
Russia,2001,0.3692498505115509,Europe,21219.904,0.758,12.119328
Russia,2002,0.3728376924991607,Europe,22319.678,0.764,12.18
Russia,2003,0.3997154831886291,Europe,24057.928,0.772,12.200001
Russia,2004,0.4031583070755005,Europe,25894.146,0.777,12.22
Russia,2005,0.4126559793949127,Europe,27656.658,0.78,12.240001
Russia,2006,0.4095093905925751,Europe,30022.672,0.791,12.26
Russia,2007,0.4227247238159179,Europe,32630.37,0.802,12.280001
Russia,2008,0.4156858325004577,Europe,34342.227,0.807,12.3
Russia,2009,0.3984560072422027,Europe,31654.004,0.805,12.32
Russia,2010,0.3954897820949554,Europe,33063.586,0.808,12.34
Russia,2011,0.3974931538105011,Europe,34444.645,0.822,12.346364
Russia,2012,0.4071482717990875,Europe,35740.7,0.825,12.352727
Russia,2013,0.4088442325592041,Europe,36260.066,0.83,12.359091
Russia,2014,0.3988122045993805,Europe,35853.246,0.831,12.365455
Russia,2015,0.3771053850650787,Europe,35037.152,0.833,12.371819
Russia,2016,0.3684850037097931,Europe,35005.45,0.835,12.378181
Russia,2017,0.3723907172679901,Europe,35570.39,0.838,12.384545
Russia,2018,0.3747300505638122,Europe,36536.695,0.845,12.390909
Russia,2019,0.3773686289787292,Europe,37319.32,0.847,12.397273
Russia,2020,0.3606824278831482,Europe,36376.336,0.818,12.403636
Rwanda,2000,0.4852025210857391,Africa,1016.662,0.34,2.4563432
Rwanda,2005,0.520211398601532,Africa,1360.2959,0.433,3.0406716
Rwanda,2010,0.4722191393375397,Africa,1779.1586,0.504,3.7656717
Rwanda,2013,0.4511156678199768,Africa,2032.4048,0.499,3.915
Rwanda,2016,0.4370951056480407,Africa,2316.6372,0.534,4.1734333
Rwanda,2023,0.3936444818973541,Africa,3062.999,0.578,4.88
Saint Lucia,1995,0.4258438050746918,North America,18048.781,0.698,7.0121055
Saint Lucia,2015,0.5122506618499756,North America,21142.973,0.757,8.423333
Samoa,2002,0.4073551893234253,Oceania,5183.4546,0.682,10.996
Samoa,2008,0.4204654991626739,Oceania,6182.763,0.702,11.452001
Samoa,2013,0.3874345421791076,Oceania,6262.3237,0.706,11.610451
Sao Tome and Principe,2010,0.3082126975059509,Africa,4882.048,0.564,5.239787
Sao Tome and Principe,2017,0.4072948098182678,Africa,5521.2026,0.617,5.709864
Senegal,1991,0.540419340133667,Africa,2917.0142,0.379,1.972217
Senegal,1994,0.3924519717693329,Africa,2757.8608,0.382,1.8959434
Senegal,2001,0.4122943580150604,Africa,3149.331,0.404,1.6489623
Senegal,2005,0.3921289443969726,Africa,3301.8208,0.43,1.3801887
Senegal,2011,0.4027436077594757,Africa,3362.8794,0.491,2.39
Senegal,2018,0.3831478357315063,Africa,3998.2864,0.522,2.99835
Senegal,2021,0.3615772128105163,Africa,4173.6772,0.522,2.934554
Serbia,2012,0.3988659977912903,Europe,17993.889,0.788,10.565001
Serbia,2013,0.3944474756717682,Europe,18163.28,0.792,10.56
Serbia,2014,0.4043598473072052,Europe,17922.51,0.795,10.72
Serbia,2015,0.404602438211441,Europe,18247.885,0.802,11.02
Serbia,2016,0.387736439704895,Europe,18889.46,0.806,11.13
Serbia,2017,0.3610448837280273,Europe,19439.072,0.808,11.16
Serbia,2018,0.3500294685363769,Europe,20454.31,0.814,11.265
Serbia,2019,0.344751238822937,Europe,21541.215,0.817,11.37
Serbia,2020,0.3495087027549743,Europe,21479.168,0.809,11.505057
Serbia,2021,0.3312888145446777,Europe,23406.404,0.807,11.641718
Serbia,2022,0.3280288875102997,Europe,24651.95,0.826,11.641718
Seychelles,2013,0.4682198166847229,Africa,24770.652,0.797,10.907026
Seychelles,2018,0.3212532103061676,Africa,32841.426,0.847,11.15113
Sierra Leone,2003,0.4016745388507843,Africa,2196.2812,0.354,3.0483565
Sierra Leone,2011,0.3403017818927765,Africa,2590.5283,0.416,3.33915
Sierra Leone,2018,0.3569017648696899,Africa,2767.3801,0.451,3.50654
Slovakia,1992,0.2018657773733139,Europe,13951.908,0.702,7.47
Slovakia,1996,0.2627550363540649,Europe,16744.068,0.74,8.71
Slovakia,2004,0.2707678079605102,Europe,21851.955,0.806,10.932
Slovakia,2005,0.2929649353027344,Europe,23266.758,0.815,11.156
Slovakia,2006,0.25797039270401,Europe,25342.31,0.824,11.38
Slovakia,2007,0.2466471493244171,Europe,28075.807,0.834,11.604
Slovakia,2008,0.2602499127388,Europe,29556.262,0.842,11.828
Slovakia,2009,0.272309809923172,Europe,27891.896,0.845,12.052
Slovakia,2010,0.2731572091579437,Europe,29758.174,0.851,12.276
Slovakia,2011,0.2653827965259552,Europe,30481.377,0.856,12.5
Slovakia,2012,0.2611581087112427,Europe,30907.04,0.856,12.38
Slovakia,2013,0.2808615267276764,Europe,31090.988,0.858,12.44
Slovakia,2014,0.2610344290733337,Europe,31901.943,0.859,12.44
Slovakia,2015,0.2649123668670654,Europe,33521.594,0.861,12.64
Slovakia,2016,0.2515496909618377,Europe,34130.504,0.864,12.71
Slovakia,2017,0.2323736548423767,Europe,35057.223,0.865,12.77
Slovakia,2018,0.2497001886367797,Europe,36430.793,0.868,12.87
Slovakia,2019,0.2323232442140579,Europe,37209.535,0.871,12.91
Slovakia,2020,0.2421942502260208,Europe,36216.4,0.867,13.006243
Slovakia,2021,0.2411022037267685,Europe,38346.094,0.859,13.103204
Slovakia,2022,0.2407892644405365,Europe,38664.906,0.873,13.103204
Slovakia,2023,0.2381771504878997,Europe,39518.223,0.88,13.103204
Slovenia,1993,0.2911778092384338,Europe,22520.738,0.746,8.174616
Slovenia,1997,0.2412150055170059,Europe,26806.463,0.789,9.503846
Slovenia,1999,0.2404288649559021,Europe,29125.89,0.82,10.168462
Slovenia,2004,0.2479073256254196,Europe,34298.13,0.87,11.83
Slovenia,2005,0.2463474124670028,Europe,35558.38,0.876,11.68
Slovenia,2006,0.243639275431633,Europe,37539.46,0.883,11.81
Slovenia,2007,0.2435475289821624,Europe,39995.207,0.888,11.75
Slovenia,2008,0.2371801882982254,Europe,41278.61,0.894,11.91
Slovenia,2009,0.2478773593902588,Europe,37802.09,0.894,12.03
Slovenia,2010,0.2493325918912887,Europe,38056.18,0.896,12.06
Slovenia,2011,0.2486803382635116,Europe,38226.125,0.897,12.21
Slovenia,2012,0.2558550238609314,Europe,37033.766,0.897,12.28
Slovenia,2013,0.2624110579490661,Europe,36678.875,0.907,12.38
Slovenia,2014,0.256575345993042,Europe,37655.2,0.907,12.43
Slovenia,2015,0.2540846467018127,Europe,38527.42,0.909,12.57
Slovenia,2016,0.2475793659687042,Europe,39667.457,0.914,12.67
Slovenia,2017,0.2421930730342865,Europe,41692.836,0.918,12.7
Slovenia,2018,0.2463336437940597,Europe,43361.094,0.922,12.75
Slovenia,2019,0.2438423186540603,Europe,44569.586,0.923,12.8
Slovenia,2020,0.2403152883052826,Europe,42463.562,0.918,12.87538
Slovenia,2021,0.2428227961063385,Europe,45914.06,0.924,12.951202
Slovenia,2022,0.2430506497621536,Europe,47050.066,0.926,12.951202
Slovenia,2023,0.2468195855617523,Europe,47977.426,0.931,12.951202
Solomon Islands,2005,0.4608763456344604,Oceania,2287.2737,0.553,5.289741
Solomon Islands,2012,0.3705492615699768,Oceania,2743.4585,0.57,5.579377
South Africa,1993,0.5933393836021423,Africa,9976.965,0.65,7.771166
South Africa,2000,0.5776966214179993,Africa,11183.825,0.618,7.4635396
South Africa,2005,0.64761883020401,Africa,12861.563,0.616,8.9
South Africa,2008,0.6300899982452393,Africa,14297.688,0.643,9.22
South Africa,2010,0.6338256001472473,Africa,14164.996,0.669,9.67
South Africa,2014,0.6302571892738342,Africa,14643.339,0.713,10.15
South Korea,2006,0.3170298337936401,Asia,34429.62,0.871,11.1475
South Korea,2008,0.3232483267784118,Asia,37064.152,0.878,10.9625
South Korea,2010,0.3202122449874878,Asia,39574.05,0.894,11.64
South Korea,2012,0.3155805170536041,Asia,41537.67,0.901,11.832
South Korea,2014,0.3119290471076965,Asia,43806.926,0.91,12.024
South Korea,2016,0.3522220551967621,Asia,46088.242,0.918,12.218349
South Korea,2017,0.348546415567398,Asia,47536.79,0.922,12.317497
South Korea,2018,0.3372503221035003,Asia,48834.445,0.924,12.417449
South Korea,2019,0.3319616317749023,Asia,49790.867,0.927,12.518212
South Korea,2020,0.3270860612392425,Asia,49374.094,0.928,12.619794
South Korea,2021,0.32906574010849,Asia,51718.25,0.933,12.7221985
Spain,1990,0.3202321529388428,Europe,31773.227,0.766,5.8785434
Spain,1993,0.3565849065780639,Europe,32137.314,0.789,6.465385
Spain,1994,0.3510372340679168,Europe,32746.93,0.798,6.6630774
Spain,1995,0.3572663366794586,Europe,33501.73,0.804,6.8607693
Spain,1996,0.3646458089351654,Europe,34232.38,0.811,7.0584617
Spain,1997,0.3532441854476928,Europe,35312.086,0.816,7.256154
Spain,1998,0.345800518989563,Europe,36679.094,0.821,7.4538465
Spain,1999,0.3379192650318146,Europe,38141.316,0.825,7.651539
Spain,2000,0.3412891030311584,Europe,39945.9,0.833,7.8492312
Spain,2003,0.3180093765258789,Europe,42223.13,0.846,8.442308
Spain,2004,0.3330196142196655,Europe,42793.39,0.852,8.64
Spain,2005,0.3243177533149719,Europe,43570.766,0.857,8.92
Spain,2006,0.3354115486145019,Europe,44572.68,0.862,9.03
Spain,2007,0.3413740992546081,Europe,45301.285,0.864,9.12
Spain,2008,0.3422040045261383,Europe,44926.348,0.865,9.19
Spain,2009,0.3492408394813537,Europe,42852.223,0.867,9.25
Spain,2010,0.3524448275566101,Europe,42695.527,0.875,9.36
Spain,2011,0.3569397330284118,Europe,42271.836,0.879,9.48
Spain,2012,0.3540365993976593,Europe,41034.047,0.881,9.51
Spain,2013,0.3618189692497253,Europe,40594.914,0.886,9.615001
Spain,2014,0.3605230748653412,Europe,41339.41,0.89,9.72
Spain,2015,0.361783355474472,Europe,43053.76,0.895,9.91
Spain,2016,0.3575709164142608,Europe,44274.668,0.9,10.01
Spain,2017,0.3465125560760498,Europe,45446.25,0.902,10.075001
Spain,2018,0.3471632599830627,Europe,46325.21,0.905,10.14
Spain,2019,0.3430371284484863,Europe,46896.418,0.91,10.375
Spain,2020,0.3486364185810089,Europe,41553.45,0.901,10.61
Spain,2021,0.3388591110706329,Europe,44251.664,0.912,10.7561245
Spain,2022,0.3357942104339599,Europe,46733.48,0.911,10.7561245
Spain,2023,0.3340793550014496,Europe,47322.594,0.918,10.7561245
Sri Lanka,1990,0.3244743347167969,Asia,4561.579,0.638,8.525088
Sri Lanka,1995,0.3539953827857971,Asia,5523.312,0.667,9.46624
Sri Lanka,2002,0.4017190635204315,Asia,6409.863,0.709,10.556001
Sri Lanka,2006,0.3966901898384094,Asia,7970.665,0.724,10.38
Sri Lanka,2009,0.3605415225028991,Asia,9156.319,0.723,10.51
Sri Lanka,2012,0.3871360719203949,Asia,11447.693,0.759,10.505714
Sri Lanka,2016,0.3934577405452728,Asia,13845.614,0.772,10.5
Sri Lanka,2019,0.3766377568244934,Asia,14637.444,0.781,10.63
Sudan,2009,0.3539533615112304,Africa,4188.0547,0.469,3.09
Sudan,2014,0.3424294292926788,Africa,4207.5005,0.496,3.522
Suriname,2022,0.3917989730834961,South America,18742.588,0.719,8.42976
Sweden,1992,0.2490873336791992,Europe,39120.926,0.829,10.02
Sweden,1995,0.2523650527000427,Europe,40736.426,0.869,10.53
Sweden,2000,0.2696006000041961,Europe,48284.8,0.912,11.446667
Sweden,2001,0.2654536068439483,Europe,48810.645,0.915,11.63
Sweden,2002,0.2621690630912781,Europe,49760.215,0.918,11.8133335
Sweden,2003,0.2526851892471313,Europe,50507.934,0.923,11.996667
Sweden,2004,0.2614011168479919,Europe,52412.41,0.908,12.18
Sweden,2005,0.2682101726531982,Europe,53661.316,0.911,12.26
Sweden,2006,0.2635122835636139,Europe,55855.496,0.915,12.33
Sweden,2007,0.27114138007164,Europe,57230.79,0.917,12.4
Sweden,2008,0.2811915874481201,Europe,56262.47,0.913,12.07
Sweden,2009,0.2733984291553497,Europe,53411.2,0.912,12.14
Sweden,2010,0.2773614823818207,Europe,56003.27,0.918,12.21
Sweden,2011,0.2760522961616516,Europe,57340.504,0.92,12.28
Sweden,2012,0.2764386534690857,Europe,56682.02,0.92,12.34
Sweden,2013,0.2882274687290191,Europe,56843.164,0.94,12.23
Sweden,2014,0.2838863730430603,Europe,57574.05,0.943,12.29
Sweden,2015,0.2920967936515808,Europe,59468.355,0.945,12.35
Sweden,2016,0.2956119775772095,Europe,59977.387,0.947,12.41
Sweden,2017,0.2877413332462311,Europe,60288.8,0.949,12.49
Sweden,2018,0.2997155487537384,Europe,60647.45,0.95,12.549999
Sweden,2019,0.2930463254451751,Europe,61601.63,0.955,12.61
Sweden,2020,0.2887060344219208,Europe,59975.363,0.951,12.674995
Sweden,2021,0.2976534366607666,Europe,62731.7,0.958,12.740326
Sweden,2022,0.3160836100578308,Europe,63088.42,0.959,12.740326
Sweden,2023,0.2927832901477813,Europe,62662.766,0.959,12.740326
Switzerland,1992,0.3385482132434845,Europe,61922.89,0.863,10.513624
Switzerland,2000,0.3343105614185333,Europe,67378.39,0.892,10.637678
Switzerland,2002,0.31686732172966,Europe,67446.41,0.896,10.865111
Switzerland,2004,0.3156451284885406,Europe,68263.44,0.906,11.0925455
Switzerland,2006,0.3391880691051483,Europe,72077.86,0.918,11.7396965
Switzerland,2007,0.3425553441047668,Europe,74234.305,0.926,12.273131
Switzerland,2008,0.3379470109939575,Europe,75355.2,0.934,12.806565
Switzerland,2009,0.3285585641860962,Europe,72709.81,0.942,13.34
Switzerland,2010,0.3255302906036377,Europe,74290.266,0.945,13.32
Switzerland,2011,0.3171361982822418,Europe,74800.89,0.946,13.33
Switzerland,2012,0.3156712651252746,Europe,74883.62,0.949,13.41
Switzerland,2013,0.3246218860149383,Europe,75354.16,0.952,13.525001
Switzerland,2014,0.3252565860748291,Europe,76189.6,0.956,13.64
Switzerland,2015,0.3230695724487304,Europe,76566.08,0.957,13.71
Switzerland,2016,0.3304245173931122,Europe,77301.21,0.959,13.67
Switzerland,2017,0.3267633318901062,Europe,77626.91,0.96,13.735
Switzerland,2018,0.3314104080200195,Europe,79261.36,0.962,13.8
Switzerland,2019,0.3399834036827087,Europe,79596.7,0.965,13.86
Switzerland,2020,0.3373792767524719,Europe,77324.89,0.963,13.904489
Switzerland,2021,0.3382431268692016,Europe,81001.414,0.968,13.949121
Switzerland,2022,0.3379517793655395,Europe,82777.3,0.966,13.949121
Syria,1996,0.3516938090324402,Asia,7943.4404,0.59,4.287873
Syria,2003,0.3751460313796997,Asia,8177.545,0.621,5.106
Syria,2006,0.4014725089073181,Asia,8885.806,0.658,6.234
Syria,2009,0.4039477705955505,Asia,9284.102,0.668,6.49
Syria,2022,0.2662807404994964,Asia,4454.8535,0.571,5.93552
Tajikistan,1999,0.2953243553638458,Asia,1275.8225,0.546,10.693069
Tajikistan,2003,0.327194482088089,Asia,1736.6404,0.587,10.909412
Tajikistan,2004,0.3360194861888885,Asia,1878.287,0.598,10.945883
Tajikistan,2007,0.3218031823635101,Asia,2181.898,0.625,11.055294
Tajikistan,2009,0.3077495396137237,Asia,2349.5002,0.634,11.128236
Tajikistan,2015,0.3399553596973419,Asia,3041.4448,0.658,11.347059
Tajikistan,2021,0.323790967464447,Asia,3985.9126,0.672,11.270948
Tajikistan,2022,0.394923985004425,Asia,4213.7563,0.687,11.270948
Tajikistan,2023,0.3803455829620361,Asia,4472.324,0.691,11.270948
Tanzania,1991,0.3528075218200683,Africa,1785.664,0.382,3.4226003
Tanzania,2000,0.372819721698761,Africa,1839.9366,0.414,4.22966
Tanzania,2007,0.4027777910232544,Africa,2423.616,0.486,4.875
Tanzania,2011,0.3778314888477325,Africa,2779.7078,0.516,5.335
Tanzania,2018,0.4049122929573059,Africa,3392.6887,0.537,5.58915
Thailand,1990,0.452656477689743,Asia,8701.954,0.584,4.510304
Thailand,1992,0.478579580783844,Asia,9886.899,0.603,4.745829
Thailand,1994,0.4347021281719208,Asia,11215.037,0.62,4.981354
Thailand,1996,0.4290492236614227,Asia,12456.329,0.634,5.2121687
Thailand,1998,0.414557933807373,Asia,10897.153,0.642,5.4382725
Thailand,1999,0.4309158623218536,Asia,11253.388,0.65,5.551325
Thailand,2000,0.4283366799354553,Asia,11622.525,0.657,5.6643767
Thailand,2002,0.4194449484348297,Asia,12512.184,0.678,6.432188
Thailand,2004,0.4254031181335449,Asia,13997.001,0.699,7.2
Thailand,2006,0.4181903302669525,Asia,15051.061,0.71,6.97
Thailand,2007,0.3976151645183563,Asia,15742.655,0.721,7.1299996
Thailand,2008,0.4028827250003814,Asia,15891.782,0.723,7.29
Thailand,2009,0.3960126340389251,Asia,15665.903,0.725,7.4500003
Thailand,2010,0.3940277099609375,Asia,16730.37,0.742,7.61
Thailand,2011,0.3745903372764587,Asia,16766.348,0.747,7.71
Thailand,2012,0.3925666809082031,Asia,17869.637,0.75,7.81
Thailand,2013,0.3784710764884949,Asia,18242.426,0.752,7.91
Thailand,2014,0.3703266382217407,Asia,18324.615,0.784,8.046666
Thailand,2015,0.3598733246326446,Asia,18811.998,0.788,8.183333
Thailand,2016,0.3669142425060272,Asia,19370.61,0.792,8.32
Thailand,2017,0.363828033208847,Asia,20094.678,0.794,8.344999
Thailand,2018,0.3641217350959778,Asia,20879.902,0.796,8.37
Thailand,2019,0.3485572338104248,Asia,21277.84,0.8,8.7
Thailand,2020,0.3498581647872925,Asia,19957.258,0.798,8.8133335
Thailand,2021,0.3492387235164642,Asia,20242.77,0.8,8.926666
Thailand,2022,0.3429707586765289,Asia,20762.795,0.792,9.04
Thailand,2023,0.3349488973617553,Asia,21191.453,0.798,9.04
Togo,2006,0.4221227467060089,Africa,2000.5417,0.465,3.2935033
Togo,2011,0.4601500630378723,Africa,2111.4749,0.495,3.64
Togo,2015,0.4302890598773956,Africa,2388.426,0.523,4.452387
Togo,2018,0.4253423810005188,Africa,2517.3489,0.542,5.0918674
Togo,2021,0.3785800635814667,Africa,2638.811,0.56,5.8611145
Tonga,2000,0.3769017457962036,Oceania,5808.265,0.688,10.046
Tonga,2009,0.3749648928642273,Oceania,5453.875,0.718,10.58
Tonga,2015,0.3352130353450775,Oceania,6194.639,0.743,10.8857
Tonga,2021,0.2709576487541199,Oceania,6929.177,0.763,10.914949
Trinidad and Tobago,1992,0.4018545150756836,North America,13267.978,0.665,7.588889
Tunisia,1990,0.4010223746299743,Africa,6742.5845,0.569,3.4640365
Tunisia,1995,0.4165729582309723,Africa,7406.239,0.606,4.170983
Tunisia,2000,0.4080947637557983,Africa,9134.415,0.654,4.9486237
Tunisia,2005,0.3773338198661804,Africa,10529.16,0.69,5.8070583
Tunisia,2010,0.3846648633480072,Africa,12458.271,0.717,6.65
Tunisia,2015,0.32815882563591,Africa,12802.792,0.728,7.085
Tunisia,2021,0.3371642529964447,Africa,12444.326,0.728,7.49328
Turkey,1994,0.4131520092487335,Asia,12343.004,0.616,4.6773744
Turkey,2002,0.4139637649059295,Asia,14587.895,0.685,5.6553526
Turkey,2003,0.4218433797359466,Asia,15255.718,0.691,5.7576766
Turkey,2004,0.412875086069107,Asia,16583.883,0.696,5.86
Turkey,2005,0.4261465668678283,Asia,17902.596,0.701,5.97
Turkey,2006,0.3964741230010986,Asia,18972.01,0.711,6.06
Turkey,2007,0.3844279944896698,Asia,19909.084,0.719,6.14
Turkey,2008,0.3902054131031036,Asia,19839.584,0.721,6.4
Turkey,2009,0.3896530866622925,Asia,18612.193,0.728,6.57
Turkey,2010,0.3878507912158966,Asia,19897.447,0.75,7.09
Turkey,2011,0.400393545627594,Asia,21760.43,0.764,7.36
Turkey,2012,0.4016893804073334,Asia,22517.715,0.772,7.49
Turkey,2013,0.4017849862575531,Asia,24117.312,0.802,7.63
Turkey,2014,0.4123656153678894,Asia,24888.852,0.813,7.8
Turkey,2015,0.4285445809364319,Asia,25984.803,0.821,7.96
Turkey,2016,0.4187370538711548,Asia,26489.645,0.826,8.1
Turkey,2017,0.4353172481060028,Asia,28194.688,0.833,8.27
Turkey,2018,0.4244142472743988,Asia,28780.303,0.838,8.45
Turkey,2019,0.4383380115032196,Asia,28741.053,0.841,8.63
Turkey,2020,0.4304501116275787,Asia,28976.719,0.838,8.806321
Turkey,2021,0.4436482787132263,Asia,32105.547,0.841,8.986243
Turkey,2022,0.4446767568588257,Asia,33520.812,0.853,8.986243
Tuvalu,2010,0.391390323638916,Oceania,3506.0603,0.636,9.467995
Uganda,1992,0.41420978307724,Africa,1102.73,0.339,3.3272727
Uganda,1996,0.3904234170913696,Africa,1367.9457,0.367,3.6363635
Uganda,1999,0.4299197196960449,Africa,1487.7579,0.398,3.8681817
Uganda,2002,0.451675534248352,Africa,1598.5829,0.432,4.1
Uganda,2005,0.4294413328170776,Africa,1765.0378,0.47,4.625
Uganda,2009,0.4418968260288238,Africa,2188.299,0.509,5.145
Uganda,2012,0.4100933969020843,Africa,2405.0945,0.526,5.13
Uganda,2016,0.4275335967540741,Africa,2554.2278,0.553,5.88985
Uganda,2019,0.4270217716693878,Africa,2689.4102,0.569,6.14643
Ukraine,1992,0.2970883250236511,Europe,18671.873,0.733,9.64458
Ukraine,1993,0.2892698347568512,Europe,16012.372,0.721,9.827319
Ukraine,1995,0.3923101723194122,Europe,10983.009,0.702,10.192799
Ukraine,1996,0.3515347838401794,Europe,9969.501,0.701,10.322746
Ukraine,2002,0.2904569506645202,Europe,12092.789,0.736,11.03746
Ukraine,2003,0.2866489291191101,Europe,13342.88,0.745,11.134922
Ukraine,2004,0.2893401682376861,Europe,15021.066,0.751,11.232383
Ukraine,2005,0.2902071475982666,Europe,15610.573,0.757,11.3298435
Ukraine,2006,0.2979439198970794,Europe,16901.508,0.762,11.366391
Ukraine,2007,0.2701268792152405,Europe,18374.014,0.77,11.40294
Ukraine,2008,0.2663823068141937,Europe,18883.986,0.776,11.439487
Ukraine,2009,0.2531666457653045,Europe,16092.796,0.773,11.476035
Ukraine,2010,0.2481897622346878,Europe,16811.795,0.782,11.512583
Ukraine,2011,0.2455184310674667,Europe,17783.957,0.786,11.443548
Ukraine,2012,0.2474065721035003,Europe,17848.74,0.789,11.374514
Ukraine,2013,0.2455498576164245,Europe,17889.092,0.789,11.305478
Ukraine,2014,0.2402536571025848,Europe,16978.812,0.788,11.2364435
Ukraine,2015,0.2545754015445709,Europe,15403.71,0.778,11.167409
Ukraine,2016,0.2500220239162445,Europe,15856.8125,0.78,11.1592865
Ukraine,2017,0.2604904770851135,Europe,16310.36,0.785,11.151165
Ukraine,2018,0.2607148587703705,Europe,16978.984,0.784,11.1430435
Ukraine,2019,0.2661946713924408,Europe,17636.555,0.789,11.134922
Ukraine,2020,0.2562736272811889,Europe,17092.54,0.783,11.1268
United Arab Emirates,2013,0.3251042068004608,Asia,74237.22,0.846,10.335455
United Arab Emirates,2018,0.263990044593811,Asia,72671.06,0.901,12.48
United Kingdom,1990,0.3574196994304657,Europe,32993.168,0.812,9.63681
United Kingdom,1991,0.3496281802654266,Europe,32466.195,0.816,9.725799
United Kingdom,1992,0.3495547175407409,Europe,32797.73,0.824,9.814787
United Kingdom,1993,0.3507595956325531,Europe,33861.254,0.827,9.903775
United Kingdom,1994,0.3597892224788666,Europe,35448.18,0.836,9.992764
United Kingdom,1995,0.3551664054393768,Europe,36603.74,0.835,10.081753
United Kingdom,1996,0.3529523909091949,Europe,37465.38,0.841,10.205468
United Kingdom,1997,0.3573516309261322,Europe,39192.61,0.849,10.329185
United Kingdom,1998,0.3662147223949432,Europe,40347.18,0.856,10.4529
United Kingdom,1999,0.3678377866744995,Europe,41396.938,0.862,10.576616
United Kingdom,2000,0.3884864151477813,Europe,43115.562,0.87,10.700332
United Kingdom,2001,0.3708621561527252,Europe,43976.84,0.876,10.954275
United Kingdom,2002,0.3514639437198639,Europe,44539.465,0.881,11.208218
United Kingdom,2003,0.348560631275177,Europe,45759.402,0.886,11.462161
United Kingdom,2004,0.3483415842056274,Europe,46558.13,0.897,11.716104
United Kingdom,2005,0.3548503220081329,Europe,47529.938,0.903,11.970047
United Kingdom,2006,0.3587998747825622,Europe,48215.047,0.902,12.250035
United Kingdom,2007,0.3441314697265625,Europe,49243.25,0.905,12.530024
United Kingdom,2008,0.3544512391090393,Europe,48833.07,0.91,12.810012
United Kingdom,2009,0.3513736426830292,Europe,46241.805,0.915,13.09
United Kingdom,2010,0.3370560109615326,Europe,46917.89,0.921,13.21
United Kingdom,2011,0.3319108486175537,Europe,46949.02,0.916,13.19
United Kingdom,2012,0.3309064507484436,Europe,47328.21,0.917,13.34
United Kingdom,2013,0.3269956707954407,Europe,47820.28,0.931,12.83
United Kingdom,2014,0.3314093947410583,Europe,48964.285,0.932,12.89
United Kingdom,2015,0.3331196308135986,Europe,49652.72,0.931,12.9800005
United Kingdom,2016,0.331093281507492,Europe,50346.86,0.934,13.07
United Kingdom,2017,0.326082319021225,Europe,51586.676,0.937,13.16
United Kingdom,2018,0.3368980288505554,Europe,52131.695,0.936,13.243333
United Kingdom,2019,0.3282418549060821,Europe,52515.684,0.941,13.326667
United Kingdom,2020,0.3264457583427429,Europe,47158.984,0.93,13.41
United Kingdom,2021,0.3241463303565979,Europe,51004.426,0.941,13.49
United States,1990,0.382624864578247,North America,44378.523,0.878,12.98
United States,1991,0.3804483711719513,North America,43742.027,0.878,13.0275
United States,1992,0.3837279379367828,North America,44659.152,0.882,13.075
United States,1993,0.4036308825016022,North America,45286.934,0.884,13.122499
United States,1994,0.3998537957668304,North America,46537.355,0.887,13.17
United States,1995,0.3985359668731689,North America,47220.957,0.888,13.135
United States,1996,0.4030831456184387,North America,48435.7,0.89,13.1
United States,1997,0.4052412211894989,North America,49984.27,0.893,13.065
United States,1998,0.3995175063610077,North America,51619.87,0.895,13.03
United States,1999,0.3998439013957977,North America,53474.047,0.895,12.995
United States,2000,0.4013887047767639,North America,55038.62,0.895,12.96
United States,2001,0.4059427380561828,North America,55017.305,0.897,12.925
United States,2002,0.4035202264785766,North America,55436.117,0.898,12.889999
United States,2003,0.4077003896236419,North America,56498.207,0.9,12.855
United States,2004,0.4054554998874664,North America,58131.633,0.905,12.82
United States,2005,0.4126027822494507,North America,59604.754,0.907,12.83
United States,2006,0.4169339835643768,North America,60676.566,0.911,12.91
United States,2007,0.4108876287937164,North America,61306.598,0.914,12.95
United States,2008,0.4109227359294891,North America,60798.434,0.914,12.99
United States,2009,0.4084994494915008,North America,58714.973,0.915,13.01
United States,2010,0.4024135768413543,North America,59789.414,0.919,13.05
United States,2011,0.411632776260376,North America,60245.484,0.92,13.1
United States,2012,0.4115574359893799,North America,61134.53,0.923,13.14
United States,2013,0.4087145030498504,North America,61958.723,0.925,13.2
United States,2014,0.4173704087734222,North America,63018.805,0.926,13.22
United States,2015,0.4145592749118805,North America,64359.473,0.928,13.25
United States,2016,0.4133006930351257,North America,65017.656,0.929,13.34
United States,2017,0.413858413696289,North America,66155.555,0.931,13.41329
United States,2018,0.4178259968757629,North America,67719.766,0.934,13.5
United States,2019,0.4190183877944946,North America,69112.6,0.936,13.59
United States,2020,0.4000106155872345,North America,67342.07,0.925,13.68
United States,2021,0.3969644904136657,North America,71307.4,0.921,13.5755
United States,2022,0.4169909954071045,North America,72679.26,0.93,13.91
United States,2023,0.4181887805461883,North America,74158.72,0.938,13.91
Uruguay,2006,0.4594137966632843,South America,19560.082,0.777,8.0
Uruguay,2007,0.4640476703643799,South America,20803.893,0.78,8.185
Uruguay,2008,0.4508153200149536,South America,22249.383,0.783,8.37
Uruguay,2009,0.4554151892662048,South America,23138.082,0.787,8.37
Uruguay,2010,0.4447481036186218,South America,24879.836,0.796,8.33
Uruguay,2011,0.421751469373703,South America,26099.322,0.801,8.4
Uruguay,2012,0.3990043401718139,South America,26953.281,0.804,8.48
Uruguay,2013,0.4045079350471496,South America,28119.482,0.812,8.52
Uruguay,2014,0.4011094272136688,South America,28935.098,0.816,8.61
Uruguay,2015,0.4012860059738159,South America,28941.629,0.818,8.67
Uruguay,2016,0.3969535529613495,South America,29332.566,0.821,8.7
Uruguay,2017,0.3946439027786255,South America,29762.434,0.827,8.83
Uruguay,2018,0.3968712091445923,South America,29757.94,0.826,8.91
Uruguay,2019,0.3967631459236145,South America,30010.574,0.83,8.98
Uruguay,2020,0.4015562534332275,South America,27788.186,0.837,9.5
Uruguay,2021,0.4077686071395874,South America,29431.885,0.837,10.0199995
Uruguay,2022,0.4055169522762298,South America,30804.703,0.852,10.54
Uruguay,2023,0.4086753726005554,South America,31059.254,0.862,10.54
Uzbekistan,2021,0.3289114236831665,Asia,9247.644,0.727,11.88
Uzbekistan,2022,0.3118482828140259,Asia,9607.562,0.737,11.91
Uzbekistan,2023,0.345387727022171,Asia,10007.686,0.74,11.91
Vanuatu,2010,0.3735129833221435,Oceania,3359.8496,0.582,6.052021
Vanuatu,2019,0.3231757581233978,Oceania,3512.072,0.622,7.0457826
Vietnam,1992,0.3565419316291809,Asia,2726.4736,0.521,4.3733664
Vietnam,1997,0.3544220626354217,Asia,3820.3025,0.578,5.126534
Vietnam,2002,0.3702962398529053,Asia,4809.6216,0.621,6.0627923
Vietnam,2004,0.3678583204746246,Asia,5421.097,0.638,6.4872293
Vietnam,2006,0.3578861653804779,Asia,6098.245,0.656,6.909586
Vietnam,2008,0.3557031154632568,Asia,6659.1357,0.672,7.329862
Vietnam,2010,0.3925272524356842,Asia,7274.733,0.686,7.63
Vietnam,2012,0.3564588725566864,Asia,7979.868,0.698,7.81
Vietnam,2014,0.3475537598133087,Asia,8751.883,0.711,7.99
Vietnam,2016,0.3526673913002014,Asia,9743.188,0.723,8.17
Vietnam,2018,0.3571554720401764,Asia,10936.894,0.737,8.349999
Vietnam,2020,0.3679016530513763,Asia,11851.396,0.755,8.62
Vietnam,2022,0.3609300553798675,Asia,12979.764,0.764,8.98
Zambia,1991,0.5942023396492004,Africa,2364.8623,0.416,4.5710483
Zambia,1993,0.525538444519043,Africa,2365.6296,0.417,4.7531447
Zambia,1996,0.4832855761051178,Africa,2197.1956,0.415,5.0262895
Zambia,1998,0.4912264049053192,Africa,2157.5735,0.418,5.2083855
Zambia,2002,0.4205872714519501,Africa,2299.333,0.445,5.5725784
Zambia,2004,0.5426552295684814,Africa,2471.7207,0.468,5.754675
Zambia,2006,0.5457133650779724,Africa,2673.4614,0.492,5.9367714
Zambia,2010,0.5201219916343689,Africa,3266.5076,0.533,6.3009644
Zambia,2015,0.5584074854850769,Africa,3576.9255,0.565,6.756205
Zambia,2022,0.5148494839668274,Africa,3585.1238,0.589,7.3974085
Zimbabwe,2011,0.4315357506275177,Africa,4358.926,0.529,7.7679996
Zimbabwe,2017,0.4433708190917969,Africa,5234.384,0.575,8.46
Zimbabwe,2019,0.5025644898414612,Africa,4993.8438,0.584,8.68746
